target_variable;parents;target_values;X_1(parent_1);A_1=0;A_1=1
A_1;X_1;0,1;0;0.910563;0.089437
A_1;X_1;0,1;1;0.715748;0.284252
A_1;X_1;0,1;2;0.392000;0.608000
A_1;X_1;0,1;3;0.087894;0.912106