target_variable;parents;target_values;X_2(parent_1);A_2=0;A_2=1
A_2;X_2;0,1;0;0.869428;0.130572
A_2;X_2;0,1;1;0.650093;0.349907
A_2;X_2;0,1;2;0.351979;0.648021
A_2;X_2;0,1;3;0.068266;0.931734