target_variable;parents;target_values;X_3(parent_1);A_3=0;A_3=1
A_3;X_3;0,1;0;0.887457;0.112543
A_3;X_3;0,1;1;0.691718;0.308282
A_3;X_3;0,1;2;0.294183;0.705817
A_3;X_3;0,1;3;0.071238;0.928762