target_variable;parents;target_values;X_4(parent_1);A_4=0;A_4=1
A_4;X_4;0,1;0;0.819505;0.180495
A_4;X_4;0,1;1;0.610689;0.389311
A_4;X_4;0,1;2;0.231539;0.768461
A_4;X_4;0,1;3;0.089460;0.910540