target_variable;parents;target_values;X_5(parent_1);A_5=0;A_5=1
A_5;X_5;0,1;0;0.874867;0.125133
A_5;X_5;0,1;1;0.632311;0.367689
A_5;X_5;0,1;2;0.278435;0.721565
A_5;X_5;0,1;3;0.049672;0.950328