target_variable;parents;target_values;X_1(parent_1);D_1=0;D_1=1
D_1;X_1;0,1;0;0.782434;0.217566
D_1;X_1;0,1;1;0.498060;0.501940
D_1;X_1;0,1;2;0.194129;0.805871
D_1;X_1;0,1;3;0.704894;0.295106