target_variable;parents;target_values;X_2(parent_1);D_2=0;D_2=1
D_2;X_2;0,1;0;0.735867;0.264133
D_2;X_2;0,1;1;0.462982;0.537018
D_2;X_2;0,1;2;0.142207;0.857793
D_2;X_2;0,1;3;0.649841;0.350159