target_variable;parents;target_values;X_3(parent_1);D_3=0;D_3=1
D_3;X_3;0,1;0;0.799130;0.200870
D_3;X_3;0,1;1;0.474196;0.525804
D_3;X_3;0,1;2;0.169337;0.830663
D_3;X_3;0,1;3;0.671670;0.328330