target_variable;parents;target_values;X_4(parent_1);D_4=0;D_4=1
D_4;X_4;0,1;0;0.771649;0.228351
D_4;X_4;0,1;1;0.462616;0.537384
D_4;X_4;0,1;2;0.150512;0.849488
D_4;X_4;0,1;3;0.679729;0.320271