target_variable;parents;target_values;X_5(parent_1);D_5=0;D_5=1
D_5;X_5;0,1;0;0.796536;0.203464
D_5;X_5;0,1;1;0.482611;0.517389
D_5;X_5;0,1;2;0.209668;0.790332
D_5;X_5;0,1;3;0.685670;0.314330