target_variable;parents;target_values;X_1(parent_1);X_2=0;X_2=1;X_2=2;X_2=3
X_2;X_1;0,1,2,3;0;0.773065;0.175359;0.041261;0.010315
X_2;X_1;0,1,2,3;1;0.547882;0.301412;0.130612;0.020094
X_2;X_1;0,1,2,3;2;0.246723;0.476947;0.197379;0.078951
X_2;X_1;0,1,2,3;3;0.079725;0.318899;0.402064;0.199312