target_variable;parents;target_values;X_4(parent_1);X_5=0;X_5=1;X_5=2;X_5=3
X_5;X_4;0,1,2,3;0;0.815576;0.143441;0.030737;0.010246
X_5;X_4;0,1,2,3;1;0.607833;0.264713;0.098042;0.029413
X_5;X_4;0,1,2,3;2;0.354851;0.347388;0.198507;0.099254
X_5;X_4;0,1,2,3;3;0.049690;0.248452;0.403715;0.298142