target_variable;parents;target_values;X_1(parent_1);Y_1=0;Y_1=1;Y_1=2;Y_1=3
Y_1;X_1;0,1,2,3;0;0.847038;0.152962;0.000000;0.000000
Y_1;X_1;0,1,2,3;1;0.051630;0.793480;0.154890;0.000000
Y_1;X_1;0,1,2,3;2;0.000000;0.100597;0.798807;0.100597
Y_1;X_1;0,1,2,3;3;0.000000;0.099190;0.702429;0.198381