target_variable;parents;target_values;X_2(parent_1);Y_2=0;Y_2=1;Y_2=2;Y_2=3
Y_2;X_2;0,1,2,3;0;0.857964;0.142036;0.000000;0.000000
Y_2;X_2;0,1,2,3;1;0.058764;0.794326;0.146910;0.000000
Y_2;X_2;0,1,2,3;2;0.000000;0.126311;0.768431;0.105259
Y_2;X_2;0,1,2,3;3;0.000000;0.100103;0.679671;0.220226