target_variable;parents;target_values;X_3(parent_1);Y_3=0;Y_3=1;Y_3=2;Y_3=3
Y_3;X_3;0,1,2,3;0;0.823663;0.176337;0.000000;0.000000
Y_3;X_3;0,1,2,3;1;0.078062;0.775573;0.146366;0.000000
Y_3;X_3;0,1,2,3;2;0.000000;0.132293;0.773212;0.094495
Y_3;X_3;0,1,2,3;3;0.000000;0.100734;0.687724;0.211542