target_variable;parents;target_values;X_4(parent_1);Y_4=0;Y_4=1;Y_4=2;Y_4=3
Y_4;X_4;0,1,2,3;0;0.811067;0.188933;0.000000;0.000000
Y_4;X_4;0,1,2,3;1;0.075249;0.763502;0.161248;0.000000
Y_4;X_4;0,1,2,3;2;0.000000;0.148465;0.752558;0.098977
Y_4;X_4;0,1,2,3;3;0.000000;0.104082;0.698162;0.197756