target_variable;parents;target_values;X_5(parent_1);Y_5=0;Y_5=1;Y_5=2;Y_5=3
Y_5;X_5;0,1,2,3;0;0.828853;0.171147;0.000000;0.000000
Y_5;X_5;0,1,2,3;1;0.094226;0.748730;0.157044;0.000000
Y_5;X_5;0,1,2,3;2;0.000000;0.170069;0.723638;0.106293
Y_5;X_5;0,1,2,3;3;0.000000;0.094884;0.734325;0.170791