target_variable;parents;target_values;X_2(parent_1);Z_2=0;Z_2=1;Z_2=2;Z_2=3
Z_2;X_2;0,1,2,3;0;0.951162;0.048838;0.000000;0.000000
Z_2;X_2;0,1,2,3;1;0.017232;0.965536;0.017232;0.000000
Z_2;X_2;0,1,2,3;2;0.000000;0.039787;0.960213;0.000000
Z_2;X_2;0,1,2,3;3;0.000000;0.000000;0.000000;1.000000