target_variable;parents;target_values;X_3(parent_1);Z_3=0;Z_3=1;Z_3=2;Z_3=3
Z_3;X_3;0,1,2,3;0;0.969800;0.030200;0.000000;0.000000
Z_3;X_3;0,1,2,3;1;0.023717;0.960472;0.015811;0.000000
Z_3;X_3;0,1,2,3;2;0.000000;0.063461;0.936539;0.000000
Z_3;X_3;0,1,2,3;3;0.000000;0.000000;0.000000;1.000000