target_variable;parents;target_values;X_6(parent_1);Z_6=0;Z_6=1;Z_6=2;Z_6=3
Z_6;X_6;0,1,2,3;0;0.941738;0.058262;0.000000;0.000000
Z_6;X_6;0,1,2,3;1;0.031871;0.946882;0.021247;0.000000
Z_6;X_6;0,1,2,3;2;0.000000;0.049186;0.950814;0.000000
Z_6;X_6;0,1,2,3;3;0.000000;0.000000;0.000000;1.000000