target_variable;parents;target_values;X_1(parent_1);A_1=0;A_1=1
A_1;X_1;0,1;0;0.934823;0.065177
A_1;X_1;0,1;1;0.720510;0.279490
A_1;X_1;0,1;2;0.374037;0.625963
A_1;X_1;0,1;3;0.133797;0.866203