target_variable;parents;target_values;X_2(parent_1);A_2=0;A_2=1
A_2;X_2;0,1;0;0.891253;0.108747
A_2;X_2;0,1;1;0.626610;0.373390
A_2;X_2;0,1;2;0.382252;0.617748
A_2;X_2;0,1;3;0.016098;0.983902