target_variable;parents;target_values;X_3(parent_1);A_3=0;A_3=1
A_3;X_3;0,1;0;0.870035;0.129965
A_3;X_3;0,1;1;0.667211;0.332789
A_3;X_3;0,1;2;0.323721;0.676279
A_3;X_3;0,1;3;0.095894;0.904106