target_variable;parents;target_values;X_4(parent_1);A_4=0;A_4=1
A_4;X_4;0,1;0;0.763313;0.236687
A_4;X_4;0,1;1;0.616810;0.383190
A_4;X_4;0,1;2;0.224328;0.775672
A_4;X_4;0,1;3;0.073322;0.926678