target_variable;parents;target_values;X_5(parent_1);A_5=0;A_5=1
A_5;X_5;0,1;0;0.920576;0.079424
A_5;X_5;0,1;1;0.601845;0.398155
A_5;X_5;0,1;2;0.301654;0.698346
A_5;X_5;0,1;3;0.024344;0.975656