target_variable;parents;target_values;X_1(parent_1);D_1=0;D_1=1
D_1;X_1;0,1;0;0.771828;0.228172
D_1;X_1;0,1;1;0.520292;0.479708
D_1;X_1;0,1;2;0.236889;0.763111
D_1;X_1;0,1;3;0.671903;0.328097