target_variable;parents;target_values;X_2(parent_1);D_2=0;D_2=1
D_2;X_2;0,1;0;0.775661;0.224339
D_2;X_2;0,1;1;0.468440;0.531560
D_2;X_2;0,1;2;0.191753;0.808247
D_2;X_2;0,1;3;0.631053;0.368947