target_variable;parents;target_values;X_3(parent_1);D_3=0;D_3=1
D_3;X_3;0,1;0;0.759257;0.240743
D_3;X_3;0,1;1;0.455401;0.544599
D_3;X_3;0,1;2;0.146596;0.853404
D_3;X_3;0,1;3;0.650774;0.349226