target_variable;parents;target_values;X_4(parent_1);D_4=0;D_4=1
D_4;X_4;0,1;0;0.733643;0.266357
D_4;X_4;0,1;1;0.455725;0.544275
D_4;X_4;0,1;2;0.197368;0.802632
D_4;X_4;0,1;3;0.695771;0.304229