target_variable;parents;target_values;X_5(parent_1);D_5=0;D_5=1
D_5;X_5;0,1;0;0.823542;0.176458
D_5;X_5;0,1;1;0.509401;0.490599
D_5;X_5;0,1;2;0.218416;0.781584
D_5;X_5;0,1;3;0.657113;0.342887