target_variable;parents;target_values;X_1(parent_1);A_1(parent_2);D_1(parent_3);X_1_t1=0;X_1_t1=1;X_1_t1=2;X_1_t1=3
X_1_t1;X_1,A_1,D_1;0,1,2,3;0;0;0;1.000000;0.000000;0.000000;0.000000
X_1_t1;X_1,A_1,D_1;0,1,2,3;0;0;1;1.000000;0.000000;0.000000;0.000000
X_1_t1;X_1,A_1,D_1;0,1,2,3;0;1;0;0.292533;0.414935;0.195022;0.097511
X_1_t1;X_1,A_1,D_1;0,1,2,3;0;1;1;0.475521;0.314687;0.157344;0.052448
X_1_t1;X_1,A_1,D_1;0,1,2,3;1;0;0;0.000000;1.000000;0.000000;0.000000
X_1_t1;X_1,A_1,D_1;0,1,2,3;1;0;1;0.422794;0.577206;0.000000;0.000000
X_1_t1;X_1,A_1,D_1;0,1,2,3;1;1;0;0.000000;0.286025;0.523292;0.190683
X_1_t1;X_1,A_1,D_1;0,1,2,3;1;1;1;0.207525;0.481187;0.259406;0.051881
X_1_t1;X_1,A_1,D_1;0,1,2,3;2;0;0;0.000000;0.000000;1.000000;0.000000
X_1_t1;X_1,A_1,D_1;0,1,2,3;2;0;1;0.107346;0.322039;0.570615;0.000000
X_1_t1;X_1,A_1,D_1;0,1,2,3;2;1;0;0.000000;0.000000;0.371316;0.628684
X_1_t1;X_1,A_1,D_1;0,1,2,3;2;1;1;0.052694;0.210776;0.525755;0.210776
X_1_t1;X_1,A_1,D_1;0,1,2,3;3;0;0;0.000000;0.000000;0.000000;1.000000
X_1_t1;X_1,A_1,D_1;0,1,2,3;3;0;1;0.000000;0.105801;0.317404;0.576794
X_1_t1;X_1,A_1,D_1;0,1,2,3;3;1;0;0.000000;0.000000;0.000000;1.000000
X_1_t1;X_1,A_1,D_1;0,1,2,3;3;1;1;0.000000;0.045422;0.227108;0.727470