target_variable;parents;target_values;X_1(parent_1);X_2=0;X_2=1;X_2=2;X_2=3
X_2;X_1;0,1,2,3;0;0.818433;0.140302;0.033012;0.008253
X_2;X_1;0,1,2,3;1;0.524738;0.316841;0.137298;0.021123
X_2;X_1;0,1,2,3;2;0.257168;0.454805;0.205734;0.082294
X_2;X_1;0,1,2,3;3;0.077578;0.310312;0.418165;0.193945