target_variable;parents;target_values;X_4(parent_1);X_5=0;X_5=1;X_5=2;X_5=3
X_5;X_4;0,1,2,3;0;0.850384;0.116368;0.024936;0.008312
X_5;X_4;0,1,2,3;1;0.578931;0.284222;0.105267;0.031580
X_5;X_4;0,1,2,3;2;0.365376;0.341720;0.195269;0.097634
X_5;X_4;0,1,2,3;3;0.049013;0.245064;0.411847;0.294077