target_variable;parents;target_values;X_1(parent_1);Y_1=0;Y_1=1;Y_1=2;Y_1=3
Y_1;X_1;0,1,2,3;0;0.826059;0.173941;0.000000;0.000000
Y_1;X_1;0,1,2,3;1;0.044830;0.820681;0.134489;0.000000
Y_1;X_1;0,1,2,3;2;0.000000;0.111810;0.776380;0.111810
Y_1;X_1;0,1,2,3;3;0.000000;0.089747;0.730759;0.179494