target_variable;parents;target_values;X_2(parent_1);Y_2=0;Y_2=1;Y_2=2;Y_2=3
Y_2;X_2;0,1,2,3;0;0.800651;0.199349;0.000000;0.000000
Y_2;X_2;0,1,2,3;1;0.051145;0.820993;0.127862;0.000000
Y_2;X_2;0,1,2,3;2;0.000000;0.105870;0.805905;0.088225
Y_2;X_2;0,1,2,3;3;0.000000;0.106930;0.657824;0.235246