target_variable;parents;target_values;X_3(parent_1);Y_3=0;Y_3=1;Y_3=2;Y_3=3
Y_3;X_3;0,1,2,3;0;0.803534;0.196466;0.000000;0.000000
Y_3;X_3;0,1,2,3;1;0.091601;0.736646;0.171753;0.000000
Y_3;X_3;0,1,2,3;2;0.000000;0.161788;0.722649;0.115563
Y_3;X_3;0,1,2,3;3;0.000000;0.093874;0.708990;0.197136