target_variable;parents;target_values;X_4(parent_1);Y_4=0;Y_4=1;Y_4=2;Y_4=3
Y_4;X_4;0,1,2,3;0;0.786980;0.213020;0.000000;0.000000
Y_4;X_4;0,1,2,3;1;0.079700;0.749515;0.170785;0.000000
Y_4;X_4;0,1,2,3;2;0.000000;0.128935;0.785108;0.085957
Y_4;X_4;0,1,2,3;3;0.000000;0.090405;0.737826;0.171769