target_variable;parents;target_values;X_5(parent_1);Y_5=0;Y_5=1;Y_5=2;Y_5=3
Y_5;X_5;0,1,2,3;0;0.838851;0.161149;0.000000;0.000000
Y_5;X_5;0,1,2,3;1;0.097591;0.739757;0.162652;0.000000
Y_5;X_5;0,1,2,3;2;0.000000;0.141945;0.769339;0.088716
Y_5;X_5;0,1,2,3;3;0.000000;0.088313;0.752724;0.158963