target_variable;parents;target_values;X_3(parent_1);Z_3=0;Z_3=1;Z_3=2;Z_3=3
Z_3;X_3;0,1,2,3;0;0.911113;0.088887;0.000000;0.000000
Z_3;X_3;0,1,2,3;1;0.049299;0.917834;0.032866;0.000000
Z_3;X_3;0,1,2,3;2;0.000000;0.010173;0.989827;0.000000
Z_3;X_3;0,1,2,3;3;0.000000;0.000000;0.000000;1.000000