target_variable;parents;target_values;X_4(parent_1);Z_4=0;Z_4=1;Z_4=2;Z_4=3
Z_4;X_4;0,1,2,3;0;0.928635;0.071365;0.000000;0.000000
Z_4;X_4;0,1,2,3;1;0.013144;0.978093;0.008763;0.000000
Z_4;X_4;0,1,2,3;2;0.000000;0.064239;0.935761;0.000000
Z_4;X_4;0,1,2,3;3;0.000000;0.000000;0.000000;1.000000