target_variable;parents;target_values;X_6(parent_1);Z_6=0;Z_6=1;Z_6=2;Z_6=3
Z_6;X_6;0,1,2,3;0;0.997148;0.002852;0.000000;0.000000
Z_6;X_6;0,1,2,3;1;0.051080;0.914867;0.034053;0.000000
Z_6;X_6;0,1,2,3;2;0.000000;0.072792;0.927208;0.000000
Z_6;X_6;0,1,2,3;3;0.000000;0.000000;0.000000;1.000000