target_variable;parents;target_values;X_1(parent_1);A_1=0;A_1=1
A_1;X_1;0,1;0;0.828417;0.171583
A_1;X_1;0,1;1;0.638058;0.361942
A_1;X_1;0,1;2;0.452443;0.547557
A_1;X_1;0,1;3;0.020080;0.979920