target_variable;parents;target_values;X_2(parent_1);A_2=0;A_2=1
A_2;X_2;0,1;0;0.769039;0.230961
A_2;X_2;0,1;1;0.710924;0.289076
A_2;X_2;0,1;2;0.400373;0.599627
A_2;X_2;0,1;3;0.050000;0.950000