target_variable;parents;target_values;X_3(parent_1);A_3=0;A_3=1
A_3;X_3;0,1;0;0.981667;0.018333
A_3;X_3;0,1;1;0.754352;0.245648
A_3;X_3;0,1;2;0.354396;0.645604
A_3;X_3;0,1;3;0.050000;0.950000