target_variable;parents;target_values;X_4(parent_1);A_4=0;A_4=1
A_4;X_4;0,1;0;0.739134;0.260866
A_4;X_4;0,1;1;0.647956;0.352044
A_4;X_4;0,1;2;0.175660;0.824340
A_4;X_4;0,1;3;0.018676;0.981324