target_variable;parents;target_values;X_5(parent_1);A_5=0;A_5=1
A_5;X_5;0,1;0;0.967224;0.032776
A_5;X_5;0,1;1;0.564874;0.435126
A_5;X_5;0,1;2;0.341562;0.658438
A_5;X_5;0,1;3;0.158594;0.841406