target_variable;parents;target_values;X_1(parent_1);D_1=0;D_1=1
D_1;X_1;0,1;0;0.868867;0.131133
D_1;X_1;0,1;1;0.462293;0.537707
D_1;X_1;0,1;2;0.131544;0.868456
D_1;X_1;0,1;3;0.763779;0.236221