target_variable;parents;target_values;X_2(parent_1);D_2=0;D_2=1
D_2;X_2;0,1;0;0.691033;0.308967
D_2;X_2;0,1;1;0.496024;0.503976
D_2;X_2;0,1;2;0.215538;0.784462
D_2;X_2;0,1;3;0.710720;0.289280