target_variable;parents;target_values;X_3(parent_1);D_3=0;D_3=1
D_3;X_3;0,1;0;0.844081;0.155919
D_3;X_3;0,1;1;0.434003;0.565997
D_3;X_3;0,1;2;0.258760;0.741240
D_3;X_3;0,1;3;0.742121;0.257879