target_variable;parents;target_values;X_4(parent_1);D_4=0;D_4=1
D_4;X_4;0,1;0;0.710138;0.289862
D_4;X_4;0,1;1;0.512411;0.487589
D_4;X_4;0,1;2;0.235127;0.764873
D_4;X_4;0,1;3;0.609230;0.390770