target_variable;parents;target_values;X_5(parent_1);D_5=0;D_5=1
D_5;X_5;0,1;0;0.856738;0.143262
D_5;X_5;0,1;1;0.443170;0.556830
D_5;X_5;0,1;2;0.253500;0.746500
D_5;X_5;0,1;3;0.634888;0.365112