target_variable;parents;target_values;X_1(parent_1);X_2=0;X_2=1;X_2=2;X_2=3
X_2;X_1;0,1,2,3;0;0.715453;0.219877;0.051736;0.012934
X_2;X_1;0,1,2,3;1;0.502648;0.331568;0.143680;0.022105
X_2;X_1;0,1,2,3;2;0.228683;0.515193;0.182946;0.073178
X_2;X_1;0,1,2,3;3;0.084157;0.336628;0.368823;0.210392