target_variable;parents;target_values;X_4(parent_1);X_5=0;X_5=1;X_5=2;X_5=3
X_5;X_4;0,1,2,3;0;0.892757;0.083411;0.017874;0.005958
X_5;X_4;0,1,2,3;1;0.650680;0.235791;0.087330;0.026199
X_5;X_4;0,1,2,3;2;0.378093;0.334873;0.191356;0.095678
X_5;X_4;0,1,2,3;3;0.047063;0.235317;0.435238;0.282381