target_variable;parents;target_values;X_1(parent_1);Y_1=0;Y_1=1;Y_1=2;Y_1=3
Y_1;X_1;0,1,2,3;0;0.925827;0.074173;0.000000;0.000000
Y_1;X_1;0,1,2,3;1;0.030598;0.877609;0.091793;0.000000
Y_1;X_1;0,1,2,3;2;0.000000;0.066417;0.867167;0.066417
Y_1;X_1;0,1,2,3;3;0.000000;0.121623;0.635130;0.243247