target_variable;parents;target_values;X_3(parent_1);Y_3=0;Y_3=1;Y_3=2;Y_3=3
Y_3;X_3;0,1,2,3;0;0.759601;0.240399;0.000000;0.000000
Y_3;X_3;0,1,2,3;1;0.058738;0.831127;0.110135;0.000000
Y_3;X_3;0,1,2,3;2;0.000000;0.097234;0.833314;0.069453
Y_3;X_3;0,1,2,3;3;0.000000;0.078765;0.755827;0.165407