target_variable;parents;target_values;X_4(parent_1);Y_4=0;Y_4=1;Y_4=2;Y_4=3
Y_4;X_4;0,1,2,3;0;0.746041;0.253959;0.000000;0.000000
Y_4;X_4;0,1,2,3;1;0.046122;0.855044;0.098834;0.000000
Y_4;X_4;0,1,2,3;2;0.000000;0.187245;0.687925;0.124830
Y_4;X_4;0,1,2,3;3;0.000000;0.121841;0.646660;0.231499