target_variable;parents;target_values;X_5(parent_1);Y_5=0;Y_5=1;Y_5=2;Y_5=3
Y_5;X_5;0,1,2,3;0;0.872421;0.127579;0.000000;0.000000
Y_5;X_5;0,1,2,3;1;0.068035;0.818572;0.113392;0.000000
Y_5;X_5;0,1,2,3;2;0.000000;0.200063;0.674897;0.125040
Y_5;X_5;0,1,2,3;3;0.000000;0.123564;0.654020;0.222416