target_variable;parents;target_values;X_1(parent_1);A_1=0;A_1=1
A_1;X_1;0,1;0;0.785704;0.214296
A_1;X_1;0,1;1;0.608002;0.391998
A_1;X_1;0,1;2;0.312061;0.687939
A_1;X_1;0,1;3;0.218473;0.781527