target_variable;parents;target_values;X_2(parent_1);A_2=0;A_2=1
A_2;X_2;0,1;0;0.741560;0.258440
A_2;X_2;0,1;1;0.567226;0.432774
A_2;X_2;0,1;2;0.252883;0.747117
A_2;X_2;0,1;3;0.050000;0.950000