target_variable;parents;target_values;X_3(parent_1);A_3=0;A_3=1
A_3;X_3;0,1;0;0.770498;0.229502
A_3;X_3;0,1;1;0.595345;0.404655
A_3;X_3;0,1;2;0.204356;0.795644
A_3;X_3;0,1;3;0.176637;0.823363