target_variable;parents;target_values;X_4(parent_1);A_4=0;A_4=1
A_4;X_4;0,1;0;0.688231;0.311769
A_4;X_4;0,1;1;0.510340;0.489660
A_4;X_4;0,1;2;0.148865;0.851135
A_4;X_4;0,1;3;0.214047;0.785953