target_variable;parents;target_values;X_5(parent_1);A_5=0;A_5=1
A_5;X_5;0,1;0;0.993483;0.006517
A_5;X_5;0,1;1;0.533223;0.466777
A_5;X_5;0,1;2;0.379732;0.620268
A_5;X_5;0,1;3;0.202301;0.797699