target_variable;parents;target_values;X_1(parent_1);D_1=0;D_1=1
D_1;X_1;0,1;0;0.689509;0.310491
D_1;X_1;0,1;1;0.430427;0.569573
D_1;X_1;0,1;2;0.307187;0.692813
D_1;X_1;0,1;3;0.789450;0.210550