target_variable;parents;target_values;X_2(parent_1);D_2=0;D_2=1
D_2;X_2;0,1;0;0.850981;0.149019
D_2;X_2;0,1;1;0.374456;0.625544
D_2;X_2;0,1;2;0.262546;0.737454
D_2;X_2;0,1;3;0.556488;0.443512