target_variable;parents;target_values;X_3(parent_1);D_3=0;D_3=1
D_3;X_3;0,1;0;0.886145;0.113855
D_3;X_3;0,1;1;0.557557;0.442443
D_3;X_3;0,1;2;0.297061;0.702939
D_3;X_3;0,1;3;0.779954;0.220046