target_variable;parents;target_values;X_4(parent_1);D_4=0;D_4=1
D_4;X_4;0,1;0;0.879274;0.120726
D_4;X_4;0,1;1;0.545310;0.454690
D_4;X_4;0,1;2;0.048607;0.951393
D_4;X_4;0,1;3;0.759750;0.240250