target_variable;parents;target_values;X_5(parent_1);D_5=0;D_5=1
D_5;X_5;0,1;0;0.683153;0.316847
D_5;X_5;0,1;1;0.560362;0.439638
D_5;X_5;0,1;2;0.085756;0.914244
D_5;X_5;0,1;3;0.596693;0.403307