target_variable;parents;target_values;X_1(parent_1);X_2=0;X_2=1;X_2=2;X_2=3
X_2;X_1;0,1,2,3;0;0.894540;0.081492;0.019175;0.004794
X_2;X_1;0,1,2,3;1;0.623667;0.250889;0.108718;0.016726
X_2;X_1;0,1,2,3;2;0.217810;0.538242;0.174248;0.069699
X_2;X_1;0,1,2,3;3;0.072202;0.288807;0.458487;0.180504