target_variable;parents;target_values;X_4(parent_1);X_5=0;X_5=1;X_5=2;X_5=3
X_5;X_4;0,1,2,3;0;0.937342;0.048734;0.010443;0.003481
X_5;X_4;0,1,2,3;1;0.688545;0.210232;0.077864;0.023359
X_5;X_4;0,1,2,3;2;0.402085;0.321954;0.183974;0.091987
X_5;X_4;0,1,2,3;3;0.054354;0.271772;0.347747;0.326126