target_variable;parents;target_values;X_1(parent_1);Y_1=0;Y_1=1;Y_1=2;Y_1=3
Y_1;X_1;0,1,2,3;0;0.734982;0.265018;0.000000;0.000000
Y_1;X_1;0,1,2,3;1;0.077823;0.688708;0.233469;0.000000
Y_1;X_1;0,1,2,3;2;0.000000;0.048306;0.903389;0.048306
Y_1;X_1;0,1,2,3;3;0.000000;0.134802;0.595593;0.269605