target_variable;parents;target_values;X_2(parent_1);Y_2=0;Y_2=1;Y_2=2;Y_2=3
Y_2;X_2;0,1,2,3;0;0.725965;0.274035;0.000000;0.000000
Y_2;X_2;0,1,2,3;1;0.089231;0.687693;0.223076;0.000000
Y_2;X_2;0,1,2,3;2;0.000000;0.173368;0.682159;0.144473
Y_2;X_2;0,1,2,3;3;0.000000;0.126702;0.594555;0.278744