target_variable;parents;target_values;X_3(parent_1);Y_3=0;Y_3=1;Y_3=2;Y_3=3
Y_3;X_3;0,1,2,3;0;0.710413;0.289587;0.000000;0.000000
Y_3;X_3;0,1,2,3;1;0.042491;0.877839;0.079670;0.000000
Y_3;X_3;0,1,2,3;2;0.000000;0.084130;0.855778;0.060093
Y_3;X_3;0,1,2,3;3;0.000000;0.131792;0.591446;0.276762