target_variable;parents;target_values;X_4(parent_1);Y_4=0;Y_4=1;Y_4=2;Y_4=3
Y_4;X_4;0,1,2,3;0;0.698552;0.301448;0.000000;0.000000
Y_4;X_4;0,1,2,3;1;0.106725;0.664580;0.228696;0.000000
Y_4;X_4;0,1,2,3;2;0.000000;0.085567;0.857389;0.057045
Y_4;X_4;0,1,2,3;3;0.000000;0.065905;0.808877;0.125219