target_variable;parents;target_values;X_5(parent_1);Y_5=0;Y_5=1;Y_5=2;Y_5=3
Y_5;X_5;0,1,2,3;0;0.911699;0.088301;0.000000;0.000000
Y_5;X_5;0,1,2,3;1;0.051365;0.863027;0.085608;0.000000
Y_5;X_5;0,1,2,3;2;0.000000;0.221454;0.640138;0.138409
Y_5;X_5;0,1,2,3;3;0.000000;0.135464;0.620700;0.243835