target_variable;parents;target_values;X_3(parent_1);Z_3=0;Z_3=1;Z_3=2;Z_3=3
Z_3;X_3;0,1,2,3;0;0.811969;0.188031;0.000000;0.000000
Z_3;X_3;0,1,2,3;1;0.110672;0.815547;0.073781;0.000000
Z_3;X_3;0,1,2,3;2;0.000000;0.040000;0.960000;0.000000
Z_3;X_3;0,1,2,3;3;0.000000;0.000000;0.000000;1.000000