target_variable;parents;target_values;X_1(parent_1);A_1=0;A_1=1
A_1;X_1;0,1;0;0.780862;0.219138
A_1;X_1;0,1;1;0.792192;0.207808
A_1;X_1;0,1;2;0.481498;0.518502
A_1;X_1;0,1;3;0.100000;0.900000