target_variable;parents;target_values;X_2(parent_1);A_2=0;A_2=1
A_2;X_2;0,1;0;0.973255;0.026745
A_2;X_2;0,1;1;0.739094;0.260906
A_2;X_2;0,1;2;0.437519;0.562481
A_2;X_2;0,1;3;0.050000;0.950000