target_variable;parents;target_values;X_3(parent_1);A_3=0;A_3=1
A_3;X_3;0,1;0;0.900000;0.100000
A_3;X_3;0,1;1;0.799625;0.200375
A_3;X_3;0,1;2;0.198578;0.801422
A_3;X_3;0,1;3;0.050000;0.950000