target_variable;parents;target_values;X_4(parent_1);A_4=0;A_4=1
A_4;X_4;0,1;0;0.688488;0.311512
A_4;X_4;0,1;1;0.520692;0.479308
A_4;X_4;0,1;2;0.362214;0.637786
A_4;X_4;0,1;3;0.100000;0.900000