target_variable;parents;target_values;X_5(parent_1);A_5=0;A_5=1
A_5;X_5;0,1;0;0.751676;0.248324
A_5;X_5;0,1;1;0.712204;0.287796
A_5;X_5;0,1;2;0.181257;0.818743
A_5;X_5;0,1;3;0.070000;0.930000