target_variable;parents;target_values;X_1(parent_1);D_1=0;D_1=1
D_1;X_1;0,1;0;0.684288;0.315712
D_1;X_1;0,1;1;0.435216;0.564784
D_1;X_1;0,1;2;0.086646;0.913354
D_1;X_1;0,1;3;0.599368;0.400632