target_variable;parents;target_values;X_2(parent_1);D_2=0;D_2=1
D_2;X_2;0,1;0;0.645545;0.354455
D_2;X_2;0,1;1;0.379516;0.620484
D_2;X_2;0,1;2;0.023611;0.976389
D_2;X_2;0,1;3;0.564189;0.435811