target_variable;parents;target_values;X_3(parent_1);D_3=0;D_3=1
D_3;X_3;0,1;0;0.888360;0.111640
D_3;X_3;0,1;1;0.557363;0.442637
D_3;X_3;0,1;2;0.282504;0.717496
D_3;X_3;0,1;3;0.583268;0.416732