target_variable;parents;target_values;X_4(parent_1);D_4=0;D_4=1
D_4;X_4;0,1;0;0.666157;0.333843
D_4;X_4;0,1;1;0.400759;0.599241
D_4;X_4;0,1;2;0.293293;0.706707
D_4;X_4;0,1;3;0.586045;0.413955