target_variable;parents;target_values;X_5(parent_1);D_5=0;D_5=1
D_5;X_5;0,1;0;0.892297;0.107703
D_5;X_5;0,1;1;0.555703;0.444297
D_5;X_5;0,1;2;0.075840;0.924160
D_5;X_5;0,1;3;0.787742;0.212258