target_variable;parents;target_values;X_1(parent_1);X_2=0;X_2=1;X_2=2;X_2=3
X_2;X_1;0,1,2,3;0;0.886286;0.087870;0.020675;0.005169
X_2;X_1;0,1,2,3;1;0.467776;0.354816;0.153754;0.023654
X_2;X_1;0,1,2,3;2;0.220225;0.533123;0.176180;0.070472
X_2;X_1;0,1,2,3;3;0.072123;0.288491;0.459079;0.180307