target_variable;parents;target_values;X_3(parent_1);A_3(parent_2);D_3(parent_3);X_3_t1=0;X_3_t1=1;X_3_t1=2;X_3_t1=3
X_3_t1;X_3,A_3,D_3;0,1,2,3;0;0;0;1.000000;0.000000;0.000000;0.000000
X_3_t1;X_3,A_3,D_3;0,1,2,3;0;0;1;1.000000;0.000000;0.000000;0.000000
X_3_t1;X_3,A_3,D_3;0,1,2,3;0;1;0;0.070395;0.788814;0.140791;0.000000
X_3_t1;X_3,A_3,D_3;0,1,2,3;0;1;1;0.684435;0.236674;0.078891;0.000000
X_3_t1;X_3,A_3,D_3;0,1,2,3;1;0;0;0.000000;1.000000;0.000000;0.000000
X_3_t1;X_3,A_3,D_3;0,1,2,3;1;0;1;0.475864;0.524136;0.000000;0.000000
X_3_t1;X_3,A_3,D_3;0,1,2,3;1;1;0;0.000000;0.155020;0.689961;0.155020
X_3_t1;X_3,A_3,D_3;0,1,2,3;1;1;1;0.159520;0.680961;0.159520;0.000000
X_3_t1;X_3,A_3,D_3;0,1,2,3;2;0;0;0.000000;0.000000;1.000000;0.000000
X_3_t1;X_3,A_3,D_3;0,1,2,3;2;0;1;0.043499;0.565011;0.391490;0.000000
X_3_t1;X_3,A_3,D_3;0,1,2,3;2;1;0;0.000000;0.000000;0.085092;0.914908
X_3_t1;X_3,A_3,D_3;0,1,2,3;2;1;1;0.000000;0.264300;0.603551;0.132150
X_3_t1;X_3,A_3,D_3;0,1,2,3;3;0;0;0.000000;0.000000;0.000000;1.000000
X_3_t1;X_3,A_3,D_3;0,1,2,3;3;0;1;0.000000;0.080080;0.679681;0.240239
X_3_t1;X_3,A_3,D_3;0,1,2,3;3;1;0;0.000000;0.000000;0.000000;1.000000
X_3_t1;X_3,A_3,D_3;0,1,2,3;3;1;1;0.000000;0.043691;0.563088;0.393221