target_variable;parents;target_values;X_4(parent_1);X_5=0;X_5=1;X_5=2;X_5=3
X_5;X_4;0,1,2,3;0;0.930921;0.053728;0.011513;0.003838
X_5;X_4;0,1,2,3;1;0.681796;0.214788;0.079551;0.023865
X_5;X_4;0,1,2,3;2;0.299167;0.377371;0.215641;0.107820
X_5;X_4;0,1,2,3;3;0.045392;0.226958;0.455301;0.272349