target_variable;parents;target_values;X_1(parent_1);Y_1=0;Y_1=1;Y_1=2;Y_1=3
Y_1;X_1;0,1,2,3;0;0.962443;0.037557;0.000000;0.000000
Y_1;X_1;0,1,2,3;1;0.075337;0.698651;0.226012;0.000000
Y_1;X_1;0,1,2,3;2;0.000000;0.044370;0.911259;0.044370
Y_1;X_1;0,1,2,3;3;0.000000;0.134140;0.597581;0.268279