target_variable;parents;target_values;X_2(parent_1);Y_2=0;Y_2=1;Y_2=2;Y_2=3
Y_2;X_2;0,1,2,3;0;0.962372;0.037628;0.000000;0.000000
Y_2;X_2;0,1,2,3;1;0.031354;0.890263;0.078384;0.000000
Y_2;X_2;0,1,2,3;2;0.000000;0.063511;0.883563;0.052926
Y_2;X_2;0,1,2,3;3;0.000000;0.131360;0.579648;0.288992