target_variable;parents;target_values;X_4(parent_1);Y_4=0;Y_4=1;Y_4=2;Y_4=3
Y_4;X_4;0,1,2,3;0;0.940922;0.059078;0.000000;0.000000
Y_4;X_4;0,1,2,3;1;0.101512;0.680963;0.217525;0.000000
Y_4;X_4;0,1,2,3;2;0.000000;0.083195;0.861341;0.055463
Y_4;X_4;0,1,2,3;3;0.000000;0.136531;0.604061;0.259408