target_variable;parents;target_values;X_5(parent_1);Y_5=0;Y_5=1;Y_5=2;Y_5=3
Y_5;X_5;0,1,2,3;0;0.922711;0.077289;0.000000;0.000000
Y_5;X_5;0,1,2,3;1;0.048388;0.870965;0.080647;0.000000
Y_5;X_5;0,1,2,3;2;0.000000;0.221665;0.639795;0.138540
Y_5;X_5;0,1,2,3;3;0.000000;0.132280;0.629615;0.238105