target_variable;parents;target_values;X_3(parent_1);Z_3=0;Z_3=1;Z_3=2;Z_3=3
Z_3;X_3;0,1,2,3;0;0.815403;0.184597;0.000000;0.000000
Z_3;X_3;0,1,2,3;1;0.114905;0.808492;0.076603;0.000000
Z_3;X_3;0,1,2,3;2;0.000000;0.162226;0.837774;0.000000
Z_3;X_3;0,1,2,3;3;0.000000;0.000000;0.000000;1.000000