target_variable;parents;target_values;X_1(parent_1);A_1=0;A_1=1
A_1;X_1;0,1;0;0.988242;0.011758
A_1;X_1;0,1;1;0.768579;0.231421
A_1;X_1;0,1;2;0.446259;0.553741
A_1;X_1;0,1;3;0.022832;0.977168