target_variable;parents;target_values;X_2(parent_1);A_2=0;A_2=1
A_2;X_2;0,1;0;0.918792;0.081208
A_2;X_2;0,1;1;0.595982;0.404018
A_2;X_2;0,1;2;0.407405;0.592595
A_2;X_2;0,1;3;0.050000;0.950000