target_variable;parents;target_values;X_3(parent_1);A_3=0;A_3=1
A_3;X_3;0,1;0;0.976530;0.023470
A_3;X_3;0,1;1;0.646886;0.353114
A_3;X_3;0,1;2;0.241753;0.758247
A_3;X_3;0,1;3;0.133272;0.866728