target_variable;parents;target_values;X_4(parent_1);A_4=0;A_4=1
A_4;X_4;0,1;0;0.871393;0.128607
A_4;X_4;0,1;1;0.549701;0.450299
A_4;X_4;0,1;2;0.321291;0.678709
A_4;X_4;0,1;3;0.183049;0.816951