target_variable;parents;target_values;X_5(parent_1);A_5=0;A_5=1
A_5;X_5;0,1;0;0.800885;0.199115
A_5;X_5;0,1;1;0.564687;0.435313
A_5;X_5;0,1;2;0.351752;0.648248
A_5;X_5;0,1;3;0.070000;0.930000