target_variable;parents;target_values;X_1(parent_1);D_1=0;D_1=1
D_1;X_1;0,1;0;0.727809;0.272191
D_1;X_1;0,1;1;0.548228;0.451772
D_1;X_1;0,1;2;0.272360;0.727640
D_1;X_1;0,1;3;0.756436;0.243564