target_variable;parents;target_values;X_2(parent_1);D_2=0;D_2=1
D_2;X_2;0,1;0;0.686495;0.313505
D_2;X_2;0,1;1;0.504675;0.495325
D_2;X_2;0,1;2;0.233117;0.766883
D_2;X_2;0,1;3;0.704543;0.295457