target_variable;parents;target_values;X_3(parent_1);D_3=0;D_3=1
D_3;X_3;0,1;0;0.709584;0.290416
D_3;X_3;0,1;1;0.434612;0.565388
D_3;X_3;0,1;2;0.102216;0.897784
D_3;X_3;0,1;3;0.621147;0.378853