target_variable;parents;target_values;X_4(parent_1);D_4=0;D_4=1
D_4;X_4;0,1;0;0.696173;0.303827
D_4;X_4;0,1;1;0.520347;0.479653
D_4;X_4;0,1;2;0.246585;0.753415
D_4;X_4;0,1;3;0.616588;0.383412