target_variable;parents;target_values;X_5(parent_1);D_5=0;D_5=1
D_5;X_5;0,1;0;0.717888;0.282112
D_5;X_5;0,1;1;0.540437;0.459563
D_5;X_5;0,1;2;0.256279;0.743721
D_5;X_5;0,1;3;0.745785;0.254215