target_variable;parents;target_values;X_1(parent_1);X_2=0;X_2=1;X_2=2;X_2=3
X_2;X_1;0,1,2,3;0;0.710677;0.223568;0.052604;0.013151
X_2;X_1;0,1,2,3;1;0.505590;0.329607;0.142830;0.021974
X_2;X_1;0,1,2,3;2;0.232647;0.506788;0.186118;0.074447
X_2;X_1;0,1,2,3;3;0.084879;0.339517;0.363406;0.212198