target_variable;parents;target_values;X_4(parent_1);X_5=0;X_5=1;X_5=2;X_5=3
X_5;X_4;0,1,2,3;0;0.753809;0.191482;0.041032;0.013677
X_5;X_4;0,1,2,3;1;0.655308;0.232667;0.086173;0.025852
X_5;X_4;0,1,2,3;2;0.383686;0.331862;0.189635;0.094818
X_5;X_4;0,1,2,3;3;0.047277;0.236384;0.432679;0.283661