target_variable;parents;target_values;X_1(parent_1);Y_1=0;Y_1=1;Y_1=2;Y_1=3
Y_1;X_1;0,1,2,3;0;0.767024;0.232976;0.000000;0.000000
Y_1;X_1;0,1,2,3;1;0.030784;0.876864;0.092352;0.000000
Y_1;X_1;0,1,2,3;2;0.000000;0.067421;0.865158;0.067421
Y_1;X_1;0,1,2,3;3;0.000000;0.081181;0.756457;0.162362