target_variable;parents;target_values;X_2(parent_1);Y_2=0;Y_2=1;Y_2=2;Y_2=3
Y_2;X_2;0,1,2,3;0;0.771964;0.228036;0.000000;0.000000
Y_2;X_2;0,1,2,3;1;0.042070;0.852754;0.105176;0.000000
Y_2;X_2;0,1,2,3;2;0.000000;0.161041;0.704758;0.134201
Y_2;X_2;0,1,2,3;3;0.000000;0.080587;0.742121;0.177292