target_variable;parents;target_values;X_3(parent_1);Y_3=0;Y_3=1;Y_3=2;Y_3=3
Y_3;X_3;0,1,2,3;0;0.892800;0.107200;0.000000;0.000000
Y_3;X_3;0,1,2,3;1;0.101432;0.708383;0.190185;0.000000
Y_3;X_3;0,1,2,3;2;0.000000;0.179288;0.692648;0.128063
Y_3;X_3;0,1,2,3;3;0.000000;0.080366;0.750865;0.168769