target_variable;parents;target_values;X_4(parent_1);Y_4=0;Y_4=1;Y_4=2;Y_4=3
Y_4;X_4;0,1,2,3;0;0.743386;0.256614;0.000000;0.000000
Y_4;X_4;0,1,2,3;1;0.088789;0.720948;0.190263;0.000000
Y_4;X_4;0,1,2,3;2;0.000000;0.105114;0.824809;0.070076
Y_4;X_4;0,1,2,3;3;0.000000;0.119593;0.653179;0.227227