target_variable;parents;target_values;X_5(parent_1);Y_5=0;Y_5=1;Y_5=2;Y_5=3
Y_5;X_5;0,1,2,3;0;0.735745;0.264255;0.000000;0.000000
Y_5;X_5;0,1,2,3;1;0.115326;0.692464;0.192210;0.000000
Y_5;X_5;0,1,2,3;2;0.000000;0.202306;0.671253;0.126441
Y_5;X_5;0,1,2,3;3;0.000000;0.125403;0.648871;0.225726