target_variable;parents;target_values;X_6(parent_1);Z_6=0;Z_6=1;Z_6=2;Z_6=3
Z_6;X_6;0,1,2,3;0;0.960000;0.040000;0.000000;0.000000
Z_6;X_6;0,1,2,3;1;0.078718;0.868803;0.052479;0.000000
Z_6;X_6;0,1,2,3;2;0.000000;0.122545;0.877455;0.000000
Z_6;X_6;0,1,2,3;3;0.000000;0.000000;0.000000;1.000000