target_variable;parents;target_values;X_1(parent_1);A_1=0;A_1=1
A_1;X_1;0,1;0;0.912235;0.087765
A_1;X_1;0,1;1;0.695545;0.304455
A_1;X_1;0,1;2;0.405422;0.594578
A_1;X_1;0,1;3;0.095446;0.904554