target_variable;parents;target_values;X_2(parent_1);A_2=0;A_2=1
A_2;X_2;0,1;0;0.853564;0.146436
A_2;X_2;0,1;1;0.655782;0.344218
A_2;X_2;0,1;2;0.342872;0.657128
A_2;X_2;0,1;3;0.034457;0.965543