target_variable;parents;target_values;X_3(parent_1);A_3=0;A_3=1
A_3;X_3;0,1;0;0.900596;0.099404
A_3;X_3;0,1;1;0.706647;0.293353
A_3;X_3;0,1;2;0.302739;0.697261
A_3;X_3;0,1;3;0.054551;0.945449