target_variable;parents;target_values;X_4(parent_1);A_4=0;A_4=1
A_4;X_4;0,1;0;0.818234;0.181766
A_4;X_4;0,1;1;0.594397;0.405603
A_4;X_4;0,1;2;0.244899;0.755101
A_4;X_4;0,1;3;0.088909;0.911091