target_variable;parents;target_values;X_5(parent_1);A_5=0;A_5=1
A_5;X_5;0,1;0;0.875626;0.124374
A_5;X_5;0,1;1;0.627701;0.372299
A_5;X_5;0,1;2;0.295687;0.704313
A_5;X_5;0,1;3;0.089491;0.910509