target_variable;parents;target_values;X_1(parent_1);D_1=0;D_1=1
D_1;X_1;0,1;0;0.786003;0.213997
D_1;X_1;0,1;1;0.510224;0.489776
D_1;X_1;0,1;2;0.207240;0.792760
D_1;X_1;0,1;3;0.716477;0.283523