target_variable;parents;target_values;X_2(parent_1);D_2=0;D_2=1
D_2;X_2;0,1;0;0.737914;0.262086
D_2;X_2;0,1;1;0.448161;0.551839
D_2;X_2;0,1;2;0.133556;0.866444
D_2;X_2;0,1;3;0.639906;0.360094