target_variable;parents;target_values;X_3(parent_1);D_3=0;D_3=1
D_3;X_3;0,1;0;0.784512;0.215488
D_3;X_3;0,1;1;0.470673;0.529327
D_3;X_3;0,1;2;0.173073;0.826927
D_3;X_3;0,1;3;0.684183;0.315817