target_variable;parents;target_values;X_4(parent_1);D_4=0;D_4=1
D_4;X_4;0,1;0;0.755777;0.244223
D_4;X_4;0,1;1;0.466127;0.533873
D_4;X_4;0,1;2;0.150470;0.849530
D_4;X_4;0,1;3;0.673966;0.326034