target_variable;parents;target_values;X_5(parent_1);D_5=0;D_5=1
D_5;X_5;0,1;0;0.772495;0.227505
D_5;X_5;0,1;1;0.498159;0.501841
D_5;X_5;0,1;2;0.203042;0.796958
D_5;X_5;0,1;3;0.694091;0.305909