target_variable;parents;target_values;X_1(parent_1);X_2=0;X_2=1;X_2=2;X_2=3
X_2;X_1;0,1,2,3;0;0.764946;0.181632;0.042737;0.010684
X_2;X_1;0,1,2,3;1;0.557828;0.294781;0.127739;0.019652
X_2;X_1;0,1,2,3;2;0.254464;0.460537;0.203571;0.081428
X_2;X_1;0,1,2,3;3;0.080843;0.323374;0.393675;0.202108