target_variable;parents;target_values;X_4(parent_1);X_5=0;X_5=1;X_5=2;X_5=3
X_5;X_4;0,1,2,3;0;0.824709;0.136337;0.029215;0.009738
X_5;X_4;0,1,2,3;1;0.607602;0.264868;0.098099;0.029430
X_5;X_4;0,1,2,3;2;0.356741;0.346370;0.197926;0.098963
X_5;X_4;0,1,2,3;3;0.050007;0.250034;0.399918;0.300041