target_variable;parents;target_values;X_1(parent_1);Y_1=0;Y_1=1;Y_1=2;Y_1=3
Y_1;X_1;0,1,2,3;0;0.864740;0.135260;0.000000;0.000000
Y_1;X_1;0,1,2,3;1;0.050437;0.798251;0.151311;0.000000
Y_1;X_1;0,1,2,3;2;0.000000;0.098300;0.803399;0.098300
Y_1;X_1;0,1,2,3;3;0.000000;0.098116;0.705652;0.196232