target_variable;parents;target_values;X_3(parent_1);Y_3=0;Y_3=1;Y_3=2;Y_3=3
Y_3;X_3;0,1,2,3;0;0.811510;0.188490;0.000000;0.000000
Y_3;X_3;0,1,2,3;1;0.082726;0.762163;0.155111;0.000000
Y_3;X_3;0,1,2,3;2;0.000000;0.132493;0.772868;0.094638
Y_3;X_3;0,1,2,3;3;0.000000;0.098444;0.694824;0.206732