target_variable;parents;target_values;X_4(parent_1);Y_4=0;Y_4=1;Y_4=2;Y_4=3
Y_4;X_4;0,1,2,3;0;0.802022;0.197978;0.000000;0.000000
Y_4;X_4;0,1,2,3;1;0.067697;0.787238;0.145065;0.000000
Y_4;X_4;0,1,2,3;2;0.000000;0.152781;0.745365;0.101854
Y_4;X_4;0,1,2,3;3;0.000000;0.097508;0.717227;0.185265