target_variable;parents;target_values;X_5(parent_1);Y_5=0;Y_5=1;Y_5=2;Y_5=3
Y_5;X_5;0,1,2,3;0;0.796563;0.203437;0.000000;0.000000
Y_5;X_5;0,1,2,3;1;0.095439;0.745497;0.159064;0.000000
Y_5;X_5;0,1,2,3;2;0.000000;0.150536;0.755379;0.094085
Y_5;X_5;0,1,2,3;3;0.000000;0.100321;0.719100;0.180578