target_variable;parents;target_values;X_3(parent_1);Z_3=0;Z_3=1;Z_3=2;Z_3=3
Z_3;X_3;0,1,2,3;0;0.955483;0.044517;0.000000;0.000000
Z_3;X_3;0,1,2,3;1;0.031720;0.947133;0.021147;0.000000
Z_3;X_3;0,1,2,3;2;0.000000;0.018531;0.981469;0.000000
Z_3;X_3;0,1,2,3;3;0.000000;0.000000;0.000000;1.000000