target_variable;parents;target_values;X_4(parent_1);Z_4=0;Z_4=1;Z_4=2;Z_4=3
Z_4;X_4;0,1,2,3;0;0.941261;0.058739;0.000000;0.000000
Z_4;X_4;0,1,2,3;1;0.023333;0.961112;0.015555;0.000000
Z_4;X_4;0,1,2,3;2;0.000000;0.050678;0.949322;0.000000
Z_4;X_4;0,1,2,3;3;0.000000;0.000000;0.000000;1.000000