target_variable;parents;target_values;X_6(parent_1);Z_6=0;Z_6=1;Z_6=2;Z_6=3
Z_6;X_6;0,1,2,3;0;0.968611;0.031389;0.000000;0.000000
Z_6;X_6;0,1,2,3;1;0.043548;0.927420;0.029032;0.000000
Z_6;X_6;0,1,2,3;2;0.000000;0.022131;0.977869;0.000000
Z_6;X_6;0,1,2,3;3;0.000000;0.000000;0.000000;1.000000