target_variable;parents;target_values;X_1(parent_1);A_1=0;A_1=1
A_1;X_1;0,1;0;0.904691;0.095309
A_1;X_1;0,1;1;0.685922;0.314078
A_1;X_1;0,1;2;0.409059;0.590941
A_1;X_1;0,1;3;0.083278;0.916722