target_variable;parents;target_values;X_2(parent_1);A_2=0;A_2=1
A_2;X_2;0,1;0;0.829379;0.170621
A_2;X_2;0,1;1;0.657555;0.342445
A_2;X_2;0,1;2;0.354823;0.645177
A_2;X_2;0,1;3;0.032472;0.967528