target_variable;parents;target_values;X_3(parent_1);A_3=0;A_3=1
A_3;X_3;0,1;0;0.894772;0.105228
A_3;X_3;0,1;1;0.713128;0.286872
A_3;X_3;0,1;2;0.302568;0.697432
A_3;X_3;0,1;3;0.072718;0.927282