target_variable;parents;target_values;X_4(parent_1);A_4=0;A_4=1
A_4;X_4;0,1;0;0.811449;0.188551
A_4;X_4;0,1;1;0.606526;0.393474
A_4;X_4;0,1;2;0.232235;0.767765
A_4;X_4;0,1;3;0.108023;0.891977