target_variable;parents;target_values;X_5(parent_1);A_5=0;A_5=1
A_5;X_5;0,1;0;0.897900;0.102100
A_5;X_5;0,1;1;0.620924;0.379076
A_5;X_5;0,1;2;0.274429;0.725571
A_5;X_5;0,1;3;0.066998;0.933002