target_variable;parents;target_values;X_1(parent_1);D_1=0;D_1=1
D_1;X_1;0,1;0;0.794302;0.205698
D_1;X_1;0,1;1;0.506569;0.493431
D_1;X_1;0,1;2;0.183630;0.816370
D_1;X_1;0,1;3;0.695683;0.304317