target_variable;parents;target_values;X_2(parent_1);D_2=0;D_2=1
D_2;X_2;0,1;0;0.733509;0.266491
D_2;X_2;0,1;1;0.438905;0.561095
D_2;X_2;0,1;2;0.137406;0.862594
D_2;X_2;0,1;3;0.662866;0.337134