target_variable;parents;target_values;X_3(parent_1);D_3=0;D_3=1
D_3;X_3;0,1;0;0.768762;0.231238
D_3;X_3;0,1;1;0.470514;0.529486
D_3;X_3;0,1;2;0.165353;0.834647
D_3;X_3;0,1;3;0.690057;0.309943