target_variable;parents;target_values;X_4(parent_1);D_4=0;D_4=1
D_4;X_4;0,1;0;0.787657;0.212343
D_4;X_4;0,1;1;0.470080;0.529920
D_4;X_4;0,1;2;0.158086;0.841914
D_4;X_4;0,1;3;0.666990;0.333010