target_variable;parents;target_values;X_5(parent_1);D_5=0;D_5=1
D_5;X_5;0,1;0;0.773805;0.226195
D_5;X_5;0,1;1;0.492959;0.507041
D_5;X_5;0,1;2;0.195623;0.804377
D_5;X_5;0,1;3;0.686154;0.313846