target_variable;parents;target_values;X_1(parent_1);A_1(parent_2);D_1(parent_3);X_1_t1=0;X_1_t1=1;X_1_t1=2;X_1_t1=3
X_1_t1;X_1,A_1,D_1;0,1,2,3;0;0;0;1.000000;0.000000;0.000000;0.000000
X_1_t1;X_1,A_1,D_1;0,1,2,3;0;0;1;1.000000;0.000000;0.000000;0.000000
X_1_t1;X_1,A_1,D_1;0,1,2,3;0;1;0;0.296961;0.406078;0.197974;0.098987
X_1_t1;X_1,A_1,D_1;0,1,2,3;0;1;1;0.502488;0.298507;0.149254;0.049751
X_1_t1;X_1,A_1,D_1;0,1,2,3;1;0;0;0.000000;1.000000;0.000000;0.000000
X_1_t1;X_1,A_1,D_1;0,1,2,3;1;0;1;0.397855;0.602145;0.000000;0.000000
X_1_t1;X_1,A_1,D_1;0,1,2,3;1;1;0;0.000000;0.296139;0.506435;0.197426
X_1_t1;X_1,A_1,D_1;0,1,2,3;1;1;1;0.197311;0.506722;0.246639;0.049328
X_1_t1;X_1,A_1,D_1;0,1,2,3;2;0;0;0.000000;0.000000;1.000000;0.000000
X_1_t1;X_1,A_1,D_1;0,1,2,3;2;0;1;0.099373;0.298119;0.602508;0.000000
X_1_t1;X_1,A_1,D_1;0,1,2,3;2;1;0;0.000000;0.000000;0.395630;0.604370
X_1_t1;X_1,A_1,D_1;0,1,2,3;2;1;1;0.050707;0.202830;0.543633;0.202830
X_1_t1;X_1,A_1,D_1;0,1,2,3;3;0;0;0.000000;0.000000;0.000000;1.000000
X_1_t1;X_1,A_1,D_1;0,1,2,3;3;0;1;0.000000;0.101581;0.304744;0.593674
X_1_t1;X_1,A_1,D_1;0,1,2,3;3;1;0;0.000000;0.000000;0.000000;1.000000
X_1_t1;X_1,A_1,D_1;0,1,2,3;3;1;1;0.000000;0.049550;0.247750;0.702700