target_variable;parents;target_values;X_1(parent_1);X_2=0;X_2=1;X_2=2;X_2=3
X_2;X_1;0,1,2,3;0;0.783159;0.167559;0.039426;0.009856
X_2;X_1;0,1,2,3;1;0.559608;0.293594;0.127224;0.019573
X_2;X_1;0,1,2,3;2;0.246469;0.477485;0.197175;0.078870
X_2;X_1;0,1,2,3;3;0.080352;0.321406;0.397363;0.200879