target_variable;parents;target_values;X_4(parent_1);X_5=0;X_5=1;X_5=2;X_5=3
X_5;X_4;0,1,2,3;0;0.826319;0.135085;0.028947;0.009649
X_5;X_4;0,1,2,3;1;0.591228;0.275921;0.102193;0.030658
X_5;X_4;0,1,2,3;2;0.353654;0.348033;0.198876;0.099438
X_5;X_4;0,1,2,3;3;0.049551;0.247753;0.405393;0.297303