target_variable;parents;target_values;X_1(parent_1);Y_1=0;Y_1=1;Y_1=2;Y_1=3
Y_1;X_1;0,1,2,3;0;0.858591;0.141409;0.000000;0.000000
Y_1;X_1;0,1,2,3;1;0.051639;0.793444;0.154917;0.000000
Y_1;X_1;0,1,2,3;2;0.000000;0.105705;0.788590;0.105705
Y_1;X_1;0,1,2,3;3;0.000000;0.102932;0.691204;0.205864