target_variable;parents;target_values;X_2(parent_1);Y_2=0;Y_2=1;Y_2=2;Y_2=3
Y_2;X_2;0,1,2,3;0;0.832063;0.167937;0.000000;0.000000
Y_2;X_2;0,1,2,3;1;0.058560;0.795040;0.146400;0.000000
Y_2;X_2;0,1,2,3;2;0.000000;0.127801;0.765699;0.106501
Y_2;X_2;0,1,2,3;3;0.000000;0.099430;0.681826;0.218745