target_variable;parents;target_values;X_3(parent_1);Y_3=0;Y_3=1;Y_3=2;Y_3=3
Y_3;X_3;0,1,2,3;0;0.835147;0.164853;0.000000;0.000000
Y_3;X_3;0,1,2,3;1;0.078060;0.775578;0.146362;0.000000
Y_3;X_3;0,1,2,3;2;0.000000;0.141346;0.757693;0.100961
Y_3;X_3;0,1,2,3;3;0.000000;0.100423;0.688689;0.210888