target_variable;parents;target_values;X_4(parent_1);Y_4=0;Y_4=1;Y_4=2;Y_4=3
Y_4;X_4;0,1,2,3;0;0.836324;0.163676;0.000000;0.000000
Y_4;X_4;0,1,2,3;1;0.066462;0.791120;0.142418;0.000000
Y_4;X_4;0,1,2,3;2;0.000000;0.141436;0.764273;0.094291
Y_4;X_4;0,1,2,3;3;0.000000;0.094087;0.727149;0.178764