target_variable;parents;target_values;X_5(parent_1);Y_5=0;Y_5=1;Y_5=2;Y_5=3
Y_5;X_5;0,1,2,3;0;0.829857;0.170143;0.000000;0.000000
Y_5;X_5;0,1,2,3;1;0.089006;0.762650;0.148344;0.000000
Y_5;X_5;0,1,2,3;2;0.000000;0.165725;0.730697;0.103578
Y_5;X_5;0,1,2,3;3;0.000000;0.102090;0.714148;0.183762