target_variable;parents;target_values;X_2(parent_1);Z_2=0;Z_2=1;Z_2=2;Z_2=3
Z_2;X_2;0,1,2,3;0;0.959619;0.040381;0.000000;0.000000
Z_2;X_2;0,1,2,3;1;0.028908;0.942184;0.028908;0.000000
Z_2;X_2;0,1,2,3;2;0.000000;0.026285;0.973715;0.000000
Z_2;X_2;0,1,2,3;3;0.000000;0.000000;0.000000;1.000000