target_variable;parents;target_values;X_3(parent_1);Z_3=0;Z_3=1;Z_3=2;Z_3=3
Z_3;X_3;0,1,2,3;0;0.941712;0.058288;0.000000;0.000000
Z_3;X_3;0,1,2,3;1;0.039387;0.934355;0.026258;0.000000
Z_3;X_3;0,1,2,3;2;0.000000;0.020200;0.979800;0.000000
Z_3;X_3;0,1,2,3;3;0.000000;0.000000;0.000000;1.000000