target_variable;parents;target_values;X_4(parent_1);Z_4=0;Z_4=1;Z_4=2;Z_4=3
Z_4;X_4;0,1,2,3;0;0.938149;0.061851;0.000000;0.000000
Z_4;X_4;0,1,2,3;1;0.038650;0.935584;0.025767;0.000000
Z_4;X_4;0,1,2,3;2;0.000000;0.039869;0.960131;0.000000
Z_4;X_4;0,1,2,3;3;0.000000;0.000000;0.000000;1.000000