target_variable;parents;target_values;X_1(parent_1);A_1=0;A_1=1
A_1;X_1;0,1;0;0.935304;0.064696
A_1;X_1;0,1;1;0.725805;0.274195
A_1;X_1;0,1;2;0.373865;0.626135
A_1;X_1;0,1;3;0.143967;0.856033