target_variable;parents;target_values;X_2(parent_1);A_2=0;A_2=1
A_2;X_2;0,1;0;0.809675;0.190325
A_2;X_2;0,1;1;0.631460;0.368540
A_2;X_2;0,1;2;0.368235;0.631765
A_2;X_2;0,1;3;0.078780;0.921220