target_variable;parents;target_values;X_3(parent_1);A_3=0;A_3=1
A_3;X_3;0,1;0;0.868793;0.131207
A_3;X_3;0,1;1;0.721841;0.278159
A_3;X_3;0,1;2;0.266473;0.733527
A_3;X_3;0,1;3;0.087959;0.912041