target_variable;parents;target_values;X_4(parent_1);A_4=0;A_4=1
A_4;X_4;0,1;0;0.766323;0.233677
A_4;X_4;0,1;1;0.619703;0.380297
A_4;X_4;0,1;2;0.222562;0.777438
A_4;X_4;0,1;3;0.135790;0.864210