target_variable;parents;target_values;X_5(parent_1);A_5=0;A_5=1
A_5;X_5;0,1;0;0.845225;0.154775
A_5;X_5;0,1;1;0.597930;0.402070
A_5;X_5;0,1;2;0.312555;0.687445
A_5;X_5;0,1;3;0.023821;0.976179