target_variable;parents;target_values;X_1(parent_1);D_1=0;D_1=1
D_1;X_1;0,1;0;0.837397;0.162603
D_1;X_1;0,1;1;0.513409;0.486591
D_1;X_1;0,1;2;0.175313;0.824687
D_1;X_1;0,1;3;0.724711;0.275289