target_variable;parents;target_values;X_3(parent_1);D_3=0;D_3=1
D_3;X_3;0,1;0;0.809107;0.190893
D_3;X_3;0,1;1;0.495472;0.504528
D_3;X_3;0,1;2;0.148454;0.851546
D_3;X_3;0,1;3;0.697969;0.302031