target_variable;parents;target_values;X_4(parent_1);D_4=0;D_4=1
D_4;X_4;0,1;0;0.793090;0.206910
D_4;X_4;0,1;1;0.454837;0.545163
D_4;X_4;0,1;2;0.196388;0.803612
D_4;X_4;0,1;3;0.645691;0.354309