target_variable;parents;target_values;X_5(parent_1);D_5=0;D_5=1
D_5;X_5;0,1;0;0.816155;0.183845
D_5;X_5;0,1;1;0.476825;0.523175
D_5;X_5;0,1;2;0.163602;0.836398
D_5;X_5;0,1;3;0.657454;0.342546