target_variable;parents;target_values;X_1(parent_1);X_2=0;X_2=1;X_2=2;X_2=3
X_2;X_1;0,1,2,3;0;0.808752;0.147783;0.034772;0.008693
X_2;X_1;0,1,2,3;1;0.535788;0.309475;0.134106;0.020632
X_2;X_1;0,1,2,3;2;0.243522;0.483734;0.194818;0.077927
X_2;X_1;0,1,2,3;3;0.082466;0.329865;0.381503;0.206166