target_variable;parents;target_values;X_3(parent_1);A_3(parent_2);D_3(parent_3);X_3_t1=0;X_3_t1=1;X_3_t1=2;X_3_t1=3
X_3_t1;X_3,A_3,D_3;0,1,2,3;0;0;0;1.000000;0.000000;0.000000;0.000000
X_3_t1;X_3,A_3,D_3;0,1,2,3;0;0;1;1.000000;0.000000;0.000000;0.000000
X_3_t1;X_3,A_3,D_3;0,1,2,3;0;1;0;0.092306;0.723081;0.184612;0.000000
X_3_t1;X_3,A_3,D_3;0,1,2,3;0;1;1;0.764466;0.176651;0.058884;0.000000
X_3_t1;X_3,A_3,D_3;0,1,2,3;1;0;0;0.000000;1.000000;0.000000;0.000000
X_3_t1;X_3,A_3,D_3;0,1,2,3;1;0;1;0.429698;0.570302;0.000000;0.000000
X_3_t1;X_3,A_3,D_3;0,1,2,3;1;1;0;0.000000;0.087983;0.824034;0.087983
X_3_t1;X_3,A_3,D_3;0,1,2,3;1;1;1;0.208591;0.582818;0.208591;0.000000
X_3_t1;X_3,A_3,D_3;0,1,2,3;2;0;0;0.000000;0.000000;1.000000;0.000000
X_3_t1;X_3,A_3,D_3;0,1,2,3;2;0;1;0.048396;0.516044;0.435560;0.000000
X_3_t1;X_3,A_3,D_3;0,1,2,3;2;1;0;0.000000;0.000000;0.175932;0.824068
X_3_t1;X_3,A_3,D_3;0,1,2,3;2;1;1;0.000000;0.186098;0.720852;0.093049
X_3_t1;X_3,A_3,D_3;0,1,2,3;3;0;0;0.000000;0.000000;0.000000;1.000000
X_3_t1;X_3,A_3,D_3;0,1,2,3;3;0;1;0.000000;0.093588;0.625649;0.280763
X_3_t1;X_3,A_3,D_3;0,1,2,3;3;1;0;0.000000;0.000000;0.000000;1.000000
X_3_t1;X_3,A_3,D_3;0,1,2,3;3;1;1;0.000000;0.051308;0.486915;0.461776