target_variable;parents;target_values;X_4(parent_1);X_5=0;X_5=1;X_5=2;X_5=3
X_5;X_4;0,1,2,3;0;0.845409;0.120237;0.025765;0.008588
X_5;X_4;0,1,2,3;1;0.582160;0.282042;0.104460;0.031338
X_5;X_4;0,1,2,3;2;0.339995;0.355387;0.203079;0.101539
X_5;X_4;0,1,2,3;3;0.048748;0.243739;0.415027;0.292486