target_variable;parents;target_values;X_1(parent_1);Y_1=0;Y_1=1;Y_1=2;Y_1=3
Y_1;X_1;0,1,2,3;0;0.827755;0.172245;0.000000;0.000000
Y_1;X_1;0,1,2,3;1;0.040836;0.836655;0.122509;0.000000
Y_1;X_1;0,1,2,3;2;0.000000;0.110101;0.779799;0.110101
Y_1;X_1;0,1,2,3;3;0.000000;0.092411;0.722768;0.184821