target_variable;parents;target_values;X_2(parent_1);Y_2=0;Y_2=1;Y_2=2;Y_2=3
Y_2;X_2;0,1,2,3;0;0.805084;0.194916;0.000000;0.000000
Y_2;X_2;0,1,2,3;1;0.067287;0.764496;0.168217;0.000000
Y_2;X_2;0,1,2,3;2;0.000000;0.132668;0.756775;0.110557
Y_2;X_2;0,1,2,3;3;0.000000;0.094500;0.697600;0.207900