target_variable;parents;target_values;X_3(parent_1);Y_3=0;Y_3=1;Y_3=2;Y_3=3
Y_3;X_3;0,1,2,3;0;0.854520;0.145480;0.000000;0.000000
Y_3;X_3;0,1,2,3;1;0.069484;0.800234;0.130282;0.000000
Y_3;X_3;0,1,2,3;2;0.000000;0.121970;0.790908;0.087122
Y_3;X_3;0,1,2,3;3;0.000000;0.109934;0.659205;0.230861