target_variable;parents;target_values;X_4(parent_1);Y_4=0;Y_4=1;Y_4=2;Y_4=3
Y_4;X_4;0,1,2,3;0;0.849241;0.150759;0.000000;0.000000
Y_4;X_4;0,1,2,3;1;0.077503;0.756419;0.166078;0.000000
Y_4;X_4;0,1,2,3;2;0.000000;0.132998;0.778337;0.088665
Y_4;X_4;0,1,2,3;3;0.000000;0.090036;0.738896;0.171068