target_variable;parents;target_values;X_5(parent_1);Y_5=0;Y_5=1;Y_5=2;Y_5=3
Y_5;X_5;0,1,2,3;0;0.771475;0.228525;0.000000;0.000000
Y_5;X_5;0,1,2,3;1;0.104199;0.722137;0.173664;0.000000
Y_5;X_5;0,1,2,3;2;0.000000;0.174861;0.715850;0.109288
Y_5;X_5;0,1,2,3;3;0.000000;0.088269;0.752846;0.158884