target_variable;parents;target_values;X_3(parent_1);Z_3=0;Z_3=1;Z_3=2;Z_3=3
Z_3;X_3;0,1,2,3;0;0.906823;0.093177;0.000000;0.000000
Z_3;X_3;0,1,2,3;1;0.052597;0.912338;0.035065;0.000000
Z_3;X_3;0,1,2,3;2;0.000000;0.000651;0.999349;0.000000
Z_3;X_3;0,1,2,3;3;0.000000;0.000000;0.000000;1.000000