target_variable;parents;target_values;X_6(parent_1);Z_6=0;Z_6=1;Z_6=2;Z_6=3
Z_6;X_6;0,1,2,3;0;0.996003;0.003997;0.000000;0.000000
Z_6;X_6;0,1,2,3;1;0.005774;0.990376;0.003849;0.000000
Z_6;X_6;0,1,2,3;2;0.000000;0.072776;0.927224;0.000000
Z_6;X_6;0,1,2,3;3;0.000000;0.000000;0.000000;1.000000