target_variable;parents;target_values;X_1(parent_1);A_1=0;A_1=1
A_1;X_1;0,1;0;0.823658;0.176342
A_1;X_1;0,1;1;0.646285;0.353715
A_1;X_1;0,1;2;0.450744;0.549256
A_1;X_1;0,1;3;0.010675;0.989325