target_variable;parents;target_values;X_2(parent_1);A_2=0;A_2=1
A_2;X_2;0,1;0;0.929986;0.070014
A_2;X_2;0,1;1;0.592385;0.407615
A_2;X_2;0,1;2;0.404513;0.595487
A_2;X_2;0,1;3;0.050000;0.950000