target_variable;parents;target_values;X_3(parent_1);A_3=0;A_3=1
A_3;X_3;0,1;0;0.813200;0.186800
A_3;X_3;0,1;1;0.752871;0.247129
A_3;X_3;0,1;2;0.242427;0.757573
A_3;X_3;0,1;3;0.050000;0.950000