target_variable;parents;target_values;X_4(parent_1);A_4=0;A_4=1
A_4;X_4;0,1;0;0.727029;0.272971
A_4;X_4;0,1;1;0.551979;0.448021
A_4;X_4;0,1;2;0.178809;0.821191
A_4;X_4;0,1;3;0.016225;0.983775