target_variable;parents;target_values;X_5(parent_1);A_5=0;A_5=1
A_5;X_5;0,1;0;0.809507;0.190493
A_5;X_5;0,1;1;0.572350;0.427650
A_5;X_5;0,1;2;0.210513;0.789487
A_5;X_5;0,1;3;0.143989;0.856011