target_variable;parents;target_values;X_1(parent_1);D_1=0;D_1=1
D_1;X_1;0,1;0;0.878401;0.121599
D_1;X_1;0,1;1;0.459320;0.540680
D_1;X_1;0,1;2;0.275082;0.724918
D_1;X_1;0,1;3;0.632307;0.367693