target_variable;parents;target_values;X_2(parent_1);D_2=0;D_2=1
D_2;X_2;0,1;0;0.810676;0.189324
D_2;X_2;0,1;1;0.398135;0.601865
D_2;X_2;0,1;2;0.065671;0.934329
D_2;X_2;0,1;3;0.707069;0.292931