target_variable;parents;target_values;X_3(parent_1);D_3=0;D_3=1
D_3;X_3;0,1;0;0.708584;0.291416
D_3;X_3;0,1;1;0.439000;0.561000
D_3;X_3;0,1;2;0.261314;0.738686
D_3;X_3;0,1;3;0.623517;0.376483