target_variable;parents;target_values;X_4(parent_1);D_4=0;D_4=1
D_4;X_4;0,1;0;0.695210;0.304790
D_4;X_4;0,1;1;0.421624;0.578376
D_4;X_4;0,1;2;0.233893;0.766107
D_4;X_4;0,1;3;0.607427;0.392573