target_variable;parents;target_values;X_5(parent_1);D_5=0;D_5=1
D_5;X_5;0,1;0;0.722826;0.277174
D_5;X_5;0,1;1;0.447629;0.552371
D_5;X_5;0,1;2;0.253305;0.746695
D_5;X_5;0,1;3;0.631720;0.368280