target_variable;parents;target_values;X_1(parent_1);X_2=0;X_2=1;X_2=2;X_2=3
X_2;X_1;0,1,2,3;0;0.855634;0.111555;0.026248;0.006562
X_2;X_1;0,1,2,3;1;0.495100;0.336600;0.145860;0.022440
X_2;X_1;0,1,2,3;2;0.228149;0.516324;0.182519;0.073008
X_2;X_1;0,1,2,3;3;0.085002;0.340006;0.362489;0.212504