target_variable;parents;target_values;X_4(parent_1);X_5=0;X_5=1;X_5=2;X_5=3
X_5;X_4;0,1,2,3;0;0.895767;0.081070;0.017372;0.005791
X_5;X_4;0,1,2,3;1;0.650373;0.235998;0.087407;0.026222
X_5;X_4;0,1,2,3;2;0.376857;0.335538;0.191736;0.095868
X_5;X_4;0,1,2,3;3;0.052897;0.264485;0.365235;0.317383