target_variable;parents;target_values;X_1(parent_1);Y_1=0;Y_1=1;Y_1=2;Y_1=3
Y_1;X_1;0,1,2,3;0;0.932202;0.067798;0.000000;0.000000
Y_1;X_1;0,1,2,3;1;0.032188;0.871247;0.096565;0.000000
Y_1;X_1;0,1,2,3;2;0.000000;0.065450;0.869101;0.065450
Y_1;X_1;0,1,2,3;3;0.000000;0.119005;0.642986;0.238009