target_variable;parents;target_values;X_2(parent_1);Y_2=0;Y_2=1;Y_2=2;Y_2=3
Y_2;X_2;0,1,2,3;0;0.912819;0.087181;0.000000;0.000000
Y_2;X_2;0,1,2,3;1;0.077178;0.729878;0.192944;0.000000
Y_2;X_2;0,1,2,3;2;0.000000;0.078535;0.856019;0.065446
Y_2;X_2;0,1,2,3;3;0.000000;0.116990;0.625631;0.257379