target_variable;parents;target_values;X_3(parent_1);Y_3=0;Y_3=1;Y_3=2;Y_3=3
Y_3;X_3;0,1,2,3;0;0.751412;0.248588;0.000000;0.000000
Y_3;X_3;0,1,2,3;1;0.103801;0.701573;0.194626;0.000000
Y_3;X_3;0,1,2,3;2;0.000000;0.097455;0.832935;0.069610
Y_3;X_3;0,1,2,3;3;0.000000;0.119680;0.628991;0.251329