target_variable;parents;target_values;X_4(parent_1);Y_4=0;Y_4=1;Y_4=2;Y_4=3
Y_4;X_4;0,1,2,3;0;0.885530;0.114470;0.000000;0.000000
Y_4;X_4;0,1,2,3;1;0.092886;0.708071;0.199042;0.000000
Y_4;X_4;0,1,2,3;2;0.000000;0.192619;0.678969;0.128412
Y_4;X_4;0,1,2,3;3;0.000000;0.075743;0.780346;0.143911