target_variable;parents;target_values;X_5(parent_1);Y_5=0;Y_5=1;Y_5=2;Y_5=3
Y_5;X_5;0,1,2,3;0;0.874415;0.125585;0.000000;0.000000
Y_5;X_5;0,1,2,3;1;0.115247;0.692674;0.192079;0.000000
Y_5;X_5;0,1,2,3;2;0.000000;0.122113;0.801567;0.076320
Y_5;X_5;0,1,2,3;3;0.000000;0.123335;0.654661;0.222004