target_variable;parents;target_values;X_1(parent_1);A_1=0;A_1=1
A_1;X_1;0,1;0;0.985290;0.014710
A_1;X_1;0,1;1;0.637253;0.362747
A_1;X_1;0,1;2;0.349169;0.650831
A_1;X_1;0,1;3;0.169857;0.830143