target_variable;parents;target_values;X_2(parent_1);A_2=0;A_2=1
A_2;X_2;0,1;0;0.779890;0.220110
A_2;X_2;0,1;1;0.702002;0.297998
A_2;X_2;0,1;2;0.406795;0.593205
A_2;X_2;0,1;3;0.140795;0.859205