target_variable;parents;target_values;X_3(parent_1);A_3=0;A_3=1
A_3;X_3;0,1;0;0.978284;0.021716
A_3;X_3;0,1;1;0.764521;0.235479
A_3;X_3;0,1;2;0.232615;0.767385
A_3;X_3;0,1;3;0.050000;0.950000