target_variable;parents;target_values;X_4(parent_1);A_4=0;A_4=1
A_4;X_4;0,1;0;0.728393;0.271607
A_4;X_4;0,1;1;0.540219;0.459781
A_4;X_4;0,1;2;0.312482;0.687518
A_4;X_4;0,1;3;0.178134;0.821866