target_variable;parents;target_values;X_5(parent_1);A_5=0;A_5=1
A_5;X_5;0,1;0;0.956757;0.043243
A_5;X_5;0,1;1;0.673640;0.326360
A_5;X_5;0,1;2;0.221824;0.778176
A_5;X_5;0,1;3;0.156323;0.843677