target_variable;parents;target_values;X_1(parent_1);D_1=0;D_1=1
D_1;X_1;0,1;0;0.873540;0.126460
D_1;X_1;0,1;1;0.454681;0.545319
D_1;X_1;0,1;2;0.139805;0.860195
D_1;X_1;0,1;3;0.753979;0.246021