target_variable;parents;target_values;X_2(parent_1);D_2=0;D_2=1
D_2;X_2;0,1;0;0.820100;0.179900
D_2;X_2;0,1;1;0.406646;0.593354
D_2;X_2;0,1;2;0.080745;0.919255
D_2;X_2;0,1;3;0.597838;0.402162