target_variable;parents;target_values;X_3(parent_1);D_3=0;D_3=1
D_3;X_3;0,1;0;0.846653;0.153347
D_3;X_3;0,1;1;0.433853;0.566147
D_3;X_3;0,1;2;0.110041;0.889959
D_3;X_3;0,1;3;0.742364;0.257636