target_variable;parents;target_values;X_4(parent_1);D_4=0;D_4=1
D_4;X_4;0,1;0;0.694364;0.305636
D_4;X_4;0,1;1;0.515175;0.484825
D_4;X_4;0,1;2;0.096429;0.903571
D_4;X_4;0,1;3;0.609872;0.390128