target_variable;parents;target_values;X_5(parent_1);D_5=0;D_5=1
D_5;X_5;0,1;0;0.867546;0.132454
D_5;X_5;0,1;1;0.533884;0.466116
D_5;X_5;0,1;2;0.114790;0.885210
D_5;X_5;0,1;3;0.636878;0.363122