target_variable;parents;target_values;X_1(parent_1);X_2=0;X_2=1;X_2=2;X_2=3
X_2;X_1;0,1,2,3;0;0.854789;0.112209;0.026402;0.006601
X_2;X_1;0,1,2,3;1;0.497557;0.334962;0.145150;0.022331
X_2;X_1;0,1,2,3;2;0.232262;0.507605;0.185809;0.074324
X_2;X_1;0,1,2,3;3;0.084136;0.336544;0.368979;0.210340