target_variable;parents;target_values;X_4(parent_1);X_5=0;X_5=1;X_5=2;X_5=3
X_5;X_4;0,1,2,3;0;0.890070;0.085501;0.018322;0.006107
X_5;X_4;0,1,2,3;1;0.652646;0.234464;0.086839;0.026052
X_5;X_4;0,1,2,3;2;0.382342;0.332585;0.190049;0.095024
X_5;X_4;0,1,2,3;3;0.053003;0.265016;0.363962;0.318019