target_variable;parents;target_values;X_1(parent_1);Y_1=0;Y_1=1;Y_1=2;Y_1=3
Y_1;X_1;0,1,2,3;0;0.781125;0.218875;0.000000;0.000000
Y_1;X_1;0,1,2,3;1;0.030111;0.879557;0.090332;0.000000
Y_1;X_1;0,1,2,3;2;0.000000;0.064941;0.870117;0.064941
Y_1;X_1;0,1,2,3;3;0.000000;0.122628;0.632116;0.245256