target_variable;parents;target_values;X_3(parent_1);Y_3=0;Y_3=1;Y_3=2;Y_3=3
Y_3;X_3;0,1,2,3;0;0.900187;0.099813;0.000000;0.000000
Y_3;X_3;0,1,2,3;1;0.056378;0.837915;0.105708;0.000000
Y_3;X_3;0,1,2,3;2;0.000000;0.102625;0.824071;0.073304
Y_3;X_3;0,1,2,3;3;0.000000;0.078562;0.756458;0.164980