target_variable;parents;target_values;X_4(parent_1);Y_4=0;Y_4=1;Y_4=2;Y_4=3
Y_4;X_4;0,1,2,3;0;0.738880;0.261120;0.000000;0.000000
Y_4;X_4;0,1,2,3;1;0.046436;0.854057;0.099506;0.000000
Y_4;X_4;0,1,2,3;2;0.000000;0.191254;0.681244;0.127502
Y_4;X_4;0,1,2,3;3;0.000000;0.080960;0.765215;0.153825