target_variable;parents;target_values;X_5(parent_1);Y_5=0;Y_5=1;Y_5=2;Y_5=3
Y_5;X_5;0,1,2,3;0;0.731669;0.268331;0.000000;0.000000
Y_5;X_5;0,1,2,3;1;0.117794;0.685883;0.196323;0.000000
Y_5;X_5;0,1,2,3;2;0.000000;0.114717;0.813586;0.071698
Y_5;X_5;0,1,2,3;3;0.000000;0.122809;0.656135;0.221056