target_variable;parents;target_values;X_1(parent_1);Z_1=0;Z_1=1;Z_1=2;Z_1=3
Z_1;X_1;0,1,2,3;0;0.960000;0.040000;0.000000;0.000000
Z_1;X_1;0,1,2,3;1;0.020000;0.960000;0.020000;0.000000
Z_1;X_1;0,1,2,3;2;0.000000;0.113412;0.886588;0.000000
Z_1;X_1;0,1,2,3;3;0.000000;0.000000;0.000000;1.000000