target_variable;parents;target_values;X_1(parent_1);A_1=0;A_1=1
A_1;X_1;0,1;0;0.896418;0.103582
A_1;X_1;0,1;1;0.687945;0.312055
A_1;X_1;0,1;2;0.388284;0.611716
A_1;X_1;0,1;3;0.095953;0.904047