target_variable;parents;target_values;X_2(parent_1);A_2=0;A_2=1
A_2;X_2;0,1;0;0.845349;0.154651
A_2;X_2;0,1;1;0.660131;0.339869
A_2;X_2;0,1;2;0.339877;0.660123
A_2;X_2;0,1;3;0.053745;0.946255