target_variable;parents;target_values;X_3(parent_1);A_3=0;A_3=1
A_3;X_3;0,1;0;0.880632;0.119368
A_3;X_3;0,1;1;0.715165;0.284835
A_3;X_3;0,1;2;0.298379;0.701621
A_3;X_3;0,1;3;0.071024;0.928976