target_variable;parents;target_values;X_4(parent_1);A_4=0;A_4=1
A_4;X_4;0,1;0;0.809390;0.190610
A_4;X_4;0,1;1;0.613376;0.386624
A_4;X_4;0,1;2;0.262981;0.737019
A_4;X_4;0,1;3;0.106562;0.893438