target_variable;parents;target_values;X_5(parent_1);A_5=0;A_5=1
A_5;X_5;0,1;0;0.898342;0.101658
A_5;X_5;0,1;1;0.605216;0.394784
A_5;X_5;0,1;2;0.273413;0.726587
A_5;X_5;0,1;3;0.059144;0.940856