target_variable;parents;target_values;X_1(parent_1);D_1=0;D_1=1
D_1;X_1;0,1;0;0.807020;0.192980
D_1;X_1;0,1;1;0.500635;0.499365
D_1;X_1;0,1;2;0.209435;0.790565
D_1;X_1;0,1;3;0.699040;0.300960