target_variable;parents;target_values;X_2(parent_1);D_2=0;D_2=1
D_2;X_2;0,1;0;0.763023;0.236977
D_2;X_2;0,1;1;0.444463;0.555537
D_2;X_2;0,1;2;0.168551;0.831449
D_2;X_2;0,1;3;0.642969;0.357031