target_variable;parents;target_values;X_3(parent_1);D_3=0;D_3=1
D_3;X_3;0,1;0;0.782523;0.217477
D_3;X_3;0,1;1;0.489465;0.510535
D_3;X_3;0,1;2;0.198735;0.801265
D_3;X_3;0,1;3;0.666825;0.333175