target_variable;parents;target_values;X_4(parent_1);D_4=0;D_4=1
D_4;X_4;0,1;0;0.787960;0.212040
D_4;X_4;0,1;1;0.463919;0.536081
D_4;X_4;0,1;2;0.179573;0.820427
D_4;X_4;0,1;3;0.675335;0.324665