target_variable;parents;target_values;X_5(parent_1);D_5=0;D_5=1
D_5;X_5;0,1;0;0.770682;0.229318
D_5;X_5;0,1;1;0.481701;0.518299
D_5;X_5;0,1;2;0.201918;0.798082
D_5;X_5;0,1;3;0.680968;0.319032