target_variable;parents;target_values;X_1(parent_1);X_2=0;X_2=1;X_2=2;X_2=3
X_2;X_1;0,1,2,3;0;0.770738;0.177157;0.041684;0.010421
X_2;X_1;0,1,2,3;1;0.550826;0.299449;0.129761;0.019963
X_2;X_1;0,1,2,3;2;0.252533;0.464629;0.202027;0.080811
X_2;X_1;0,1,2,3;3;0.079333;0.317332;0.405003;0.198332