target_variable;parents;target_values;X_4(parent_1);A_4(parent_2);D_4(parent_3);X_4_t1=0;X_4_t1=1;X_4_t1=2;X_4_t1=3
X_4_t1;X_4,A_4,D_4;0,1,2,3;0;0;0;1.000000;0.000000;0.000000;0.000000
X_4_t1;X_4,A_4,D_4;0,1,2,3;0;0;1;1.000000;0.000000;0.000000;0.000000
X_4_t1;X_4,A_4,D_4;0,1,2,3;0;1;0;0.145626;0.708748;0.145626;0.000000
X_4_t1;X_4,A_4,D_4;0,1,2,3;0;1;1;0.866901;0.088733;0.044366;0.000000
X_4_t1;X_4,A_4,D_4;0,1,2,3;1;0;0;0.000000;1.000000;0.000000;0.000000
X_4_t1;X_4,A_4,D_4;0,1,2,3;1;0;1;0.487708;0.512292;0.000000;0.000000
X_4_t1;X_4,A_4,D_4;0,1,2,3;1;1;0;0.000000;0.160103;0.733162;0.106735
X_4_t1;X_4,A_4,D_4;0,1,2,3;1;1;1;0.240031;0.663956;0.096013;0.000000
X_4_t1;X_4,A_4,D_4;0,1,2,3;2;0;0;0.000000;0.000000;1.000000;0.000000
X_4_t1;X_4,A_4,D_4;0,1,2,3;2;0;1;0.096422;0.614311;0.289266;0.000000
X_4_t1;X_4,A_4,D_4;0,1,2,3;2;1;0;0.000000;0.000000;0.252510;0.747490
X_4_t1;X_4,A_4,D_4;0,1,2,3;2;1;1;0.000000;0.250999;0.648601;0.100400
X_4_t1;X_4,A_4,D_4;0,1,2,3;3;0;0;0.000000;0.000000;0.000000;1.000000
X_4_t1;X_4,A_4,D_4;0,1,2,3;3;0;1;0.000000;0.147309;0.656280;0.196412
X_4_t1;X_4,A_4,D_4;0,1,2,3;3;1;0;0.000000;0.000000;0.000000;1.000000
X_4_t1;X_4,A_4,D_4;0,1,2,3;3;1;1;0.000000;0.101200;0.544599;0.354200