target_variable;parents;target_values;X_4(parent_1);X_5=0;X_5=1;X_5=2;X_5=3
X_5;X_4;0,1,2,3;0;0.819012;0.140769;0.030165;0.010055
X_5;X_4;0,1,2,3;1;0.587180;0.278653;0.103205;0.030961
X_5;X_4;0,1,2,3;2;0.347762;0.351205;0.200689;0.100344
X_5;X_4;0,1,2,3;3;0.049474;0.247372;0.406307;0.296847