target_variable;parents;target_values;X_1(parent_1);Y_1=0;Y_1=1;Y_1=2;Y_1=3
Y_1;X_1;0,1,2,3;0;0.850308;0.149692;0.000000;0.000000
Y_1;X_1;0,1,2,3;1;0.049090;0.803638;0.147271;0.000000
Y_1;X_1;0,1,2,3;2;0.000000;0.093266;0.813468;0.093266
Y_1;X_1;0,1,2,3;3;0.000000;0.095656;0.713033;0.191312