target_variable;parents;target_values;X_2(parent_1);Y_2=0;Y_2=1;Y_2=2;Y_2=3
Y_2;X_2;0,1,2,3;0;0.859453;0.140547;0.000000;0.000000
Y_2;X_2;0,1,2,3;1;0.061886;0.783400;0.154714;0.000000
Y_2;X_2;0,1,2,3;2;0.000000;0.112690;0.793401;0.093909
Y_2;X_2;0,1,2,3;3;0.000000;0.101564;0.674996;0.223440