target_variable;parents;target_values;X_3(parent_1);Y_3=0;Y_3=1;Y_3=2;Y_3=3
Y_3;X_3;0,1,2,3;0;0.848636;0.151364;0.000000;0.000000
Y_3;X_3;0,1,2,3;1;0.083622;0.759587;0.156791;0.000000
Y_3;X_3;0,1,2,3;2;0.000000;0.150938;0.741250;0.107813
Y_3;X_3;0,1,2,3;3;0.000000;0.102742;0.681501;0.215758