target_variable;parents;target_values;X_4(parent_1);Y_4=0;Y_4=1;Y_4=2;Y_4=3
Y_4;X_4;0,1,2,3;0;0.815577;0.184423;0.000000;0.000000
Y_4;X_4;0,1,2,3;1;0.065777;0.793271;0.140952;0.000000
Y_4;X_4;0,1,2,3;2;0.000000;0.147275;0.754541;0.098183
Y_4;X_4;0,1,2,3;3;0.000000;0.097314;0.717789;0.184897