target_variable;parents;target_values;X_5(parent_1);Y_5=0;Y_5=1;Y_5=2;Y_5=3
Y_5;X_5;0,1,2,3;0;0.826505;0.173495;0.000000;0.000000
Y_5;X_5;0,1,2,3;1;0.093999;0.749335;0.156666;0.000000
Y_5;X_5;0,1,2,3;2;0.000000;0.161467;0.737616;0.100917
Y_5;X_5;0,1,2,3;3;0.000000;0.093642;0.737802;0.168556