target_variable;parents;target_values;X_1(parent_1);Z_1=0;Z_1=1;Z_1=2;Z_1=3
Z_1;X_1;0,1,2,3;0;0.950359;0.049641;0.000000;0.000000
Z_1;X_1;0,1,2,3;1;0.018476;0.963049;0.018476;0.000000
Z_1;X_1;0,1,2,3;2;0.000000;0.019115;0.980885;0.000000
Z_1;X_1;0,1,2,3;3;0.000000;0.000000;0.000000;1.000000