target_variable;parents;target_values;X_3(parent_1);Z_3=0;Z_3=1;Z_3=2;Z_3=3
Z_3;X_3;0,1,2,3;0;0.946928;0.053072;0.000000;0.000000
Z_3;X_3;0,1,2,3;1;0.027759;0.953736;0.018506;0.000000
Z_3;X_3;0,1,2,3;2;0.000000;0.044571;0.955429;0.000000
Z_3;X_3;0,1,2,3;3;0.000000;0.000000;0.000000;1.000000