target_variable;parents;target_values;X_4(parent_1);Z_4=0;Z_4=1;Z_4=2;Z_4=3
Z_4;X_4;0,1,2,3;0;0.962438;0.037562;0.000000;0.000000
Z_4;X_4;0,1,2,3;1;0.035298;0.941170;0.023532;0.000000
Z_4;X_4;0,1,2,3;2;0.000000;0.018316;0.981684;0.000000
Z_4;X_4;0,1,2,3;3;0.000000;0.000000;0.000000;1.000000