target_variable;parents;target_values;X_7(parent_1);Z_7=0;Z_7=1;Z_7=2;Z_7=3
Z_7;X_7;0,1,2,3;0;0.975068;0.024932;0.000000;0.000000
Z_7;X_7;0,1,2,3;1;0.022588;0.954824;0.022588;0.000000
Z_7;X_7;0,1,2,3;2;0.000000;0.032050;0.967950;0.000000
Z_7;X_7;0,1,2,3;3;0.000000;0.000000;0.000000;1.000000