target_variable;parents;target_values;X_1(parent_1);A_1=0;A_1=1
A_1;X_1;0,1;0;0.978352;0.021648
A_1;X_1;0,1;1;0.769231;0.230769
A_1;X_1;0,1;2;0.343250;0.656750
A_1;X_1;0,1;3;0.023275;0.976725