target_variable;parents;target_values;X_2(parent_1);A_2=0;A_2=1
A_2;X_2;0,1;0;0.766285;0.233715
A_2;X_2;0,1;1;0.597099;0.402901
A_2;X_2;0,1;2;0.406279;0.593721
A_2;X_2;0,1;3;0.050000;0.950000