target_variable;parents;target_values;X_3(parent_1);A_3=0;A_3=1
A_3;X_3;0,1;0;0.818821;0.181179
A_3;X_3;0,1;1;0.637164;0.362836
A_3;X_3;0,1;2;0.352564;0.647436
A_3;X_3;0,1;3;0.127378;0.872622