target_variable;parents;target_values;X_4(parent_1);A_4=0;A_4=1
A_4;X_4;0,1;0;0.866349;0.133651
A_4;X_4;0,1;1;0.547079;0.452921
A_4;X_4;0,1;2;0.183123;0.816877
A_4;X_4;0,1;3;0.028673;0.971327