target_variable;parents;target_values;X_5(parent_1);A_5=0;A_5=1
A_5;X_5;0,1;0;0.958417;0.041583
A_5;X_5;0,1;1;0.571074;0.428926
A_5;X_5;0,1;2;0.208147;0.791853
A_5;X_5;0,1;3;0.070000;0.930000