target_variable;parents;target_values;X_2(parent_1);D_2=0;D_2=1
D_2;X_2;0,1;0;0.814806;0.185194
D_2;X_2;0,1;1;0.502334;0.497666
D_2;X_2;0,1;2;0.083768;0.916232
D_2;X_2;0,1;3;0.705234;0.294766