target_variable;parents;target_values;X_3(parent_1);D_3=0;D_3=1
D_3;X_3;0,1;0;0.712270;0.287730
D_3;X_3;0,1;1;0.440151;0.559849
D_3;X_3;0,1;2;0.253046;0.746954
D_3;X_3;0,1;3;0.625180;0.374820