target_variable;parents;target_values;X_4(parent_1);D_4=0;D_4=1
D_4;X_4;0,1;0;0.693495;0.306505
D_4;X_4;0,1;1;0.420003;0.579997
D_4;X_4;0,1;2;0.237128;0.762872
D_4;X_4;0,1;3;0.734935;0.265065