target_variable;parents;target_values;X_5(parent_1);D_5=0;D_5=1
D_5;X_5;0,1;0;0.867583;0.132417
D_5;X_5;0,1;1;0.449723;0.550277
D_5;X_5;0,1;2;0.254688;0.745312
D_5;X_5;0,1;3;0.628392;0.371608