target_variable;parents;target_values;X_1(parent_1);X_2=0;X_2=1;X_2=2;X_2=3
X_2;X_1;0,1,2,3;0;0.850926;0.115193;0.027104;0.006776
X_2;X_1;0,1,2,3;1;0.502768;0.331488;0.143645;0.022099
X_2;X_1;0,1,2,3;2;0.229690;0.513058;0.183752;0.073501
X_2;X_1;0,1,2,3;3;0.084346;0.337385;0.367404;0.210865