target_variable;parents;target_values;X_3(parent_1);A_3(parent_2);D_3(parent_3);X_3_t1=0;X_3_t1=1;X_3_t1=2;X_3_t1=3
X_3_t1;X_3,A_3,D_3;0,1,2,3;0;0;0;1.000000;0.000000;0.000000;0.000000
X_3_t1;X_3,A_3,D_3;0,1,2,3;0;0;1;1.000000;0.000000;0.000000;0.000000
X_3_t1;X_3,A_3,D_3;0,1,2,3;0;1;0;0.076888;0.769335;0.153777;0.000000
X_3_t1;X_3,A_3,D_3;0,1,2,3;0;1;1;0.862185;0.103362;0.034454;0.000000
X_3_t1;X_3,A_3,D_3;0,1,2,3;1;0;0;0.000000;1.000000;0.000000;0.000000
X_3_t1;X_3,A_3,D_3;0,1,2,3;1;0;1;0.454960;0.545040;0.000000;0.000000
X_3_t1;X_3,A_3,D_3;0,1,2,3;1;1;0;0.000000;0.133045;0.733911;0.133045
X_3_t1;X_3,A_3,D_3;0,1,2,3;1;1;1;0.229527;0.540945;0.229527;0.000000
X_3_t1;X_3,A_3,D_3;0,1,2,3;2;0;0;0.000000;0.000000;1.000000;0.000000
X_3_t1;X_3,A_3,D_3;0,1,2,3;2;0;1;0.054136;0.458644;0.487221;0.000000
X_3_t1;X_3,A_3,D_3;0,1,2,3;2;1;0;0.000000;0.000000;0.270919;0.729081
X_3_t1;X_3,A_3,D_3;0,1,2,3;2;1;1;0.000000;0.163956;0.754066;0.081978
X_3_t1;X_3,A_3,D_3;0,1,2,3;3;0;0;0.000000;0.000000;0.000000;1.000000
X_3_t1;X_3,A_3,D_3;0,1,2,3;3;0;1;0.000000;0.111990;0.552040;0.335970
X_3_t1;X_3,A_3,D_3;0,1,2,3;3;1;0;0.000000;0.000000;0.000000;1.000000
X_3_t1;X_3,A_3,D_3;0,1,2,3;3;1;1;0.000000;0.046002;0.539985;0.414014