target_variable;parents;target_values;X_4(parent_1);X_5=0;X_5=1;X_5=2;X_5=3
X_5;X_4;0,1,2,3;0;0.884561;0.089786;0.019240;0.006413
X_5;X_4;0,1,2,3;1;0.544697;0.307329;0.113826;0.034148
X_5;X_4;0,1,2,3;2;0.384066;0.331657;0.189518;0.094759
X_5;X_4;0,1,2,3;3;0.046780;0.233902;0.438636;0.280682