target_variable;parents;target_values;X_1(parent_1);Y_1=0;Y_1=1;Y_1=2;Y_1=3
Y_1;X_1;0,1,2,3;0;0.773655;0.226345;0.000000;0.000000
Y_1;X_1;0,1,2,3;1;0.065863;0.736549;0.197588;0.000000
Y_1;X_1;0,1,2,3;2;0.000000;0.060789;0.878422;0.060789
Y_1;X_1;0,1,2,3;3;0.000000;0.078133;0.765601;0.156266