target_variable;parents;target_values;X_2(parent_1);Y_2=0;Y_2=1;Y_2=2;Y_2=3
Y_2;X_2;0,1,2,3;0;0.774749;0.225251;0.000000;0.000000
Y_2;X_2;0,1,2,3;1;0.039761;0.860836;0.099403;0.000000
Y_2;X_2;0,1,2,3;2;0.000000;0.079481;0.854285;0.066234
Y_2;X_2;0,1,2,3;3;0.000000;0.082092;0.737304;0.180603