target_variable;parents;target_values;X_3(parent_1);Y_3=0;Y_3=1;Y_3=2;Y_3=3
Y_3;X_3;0,1,2,3;0;0.908614;0.091386;0.000000;0.000000
Y_3;X_3;0,1,2,3;1;0.100417;0.711302;0.188281;0.000000
Y_3;X_3;0,1,2,3;2;0.000000;0.181012;0.689693;0.129294
Y_3;X_3;0,1,2,3;3;0.000000;0.121900;0.622111;0.255989