target_variable;parents;target_values;X_4(parent_1);Y_4=0;Y_4=1;Y_4=2;Y_4=3
Y_4;X_4;0,1,2,3;0;0.743941;0.256059;0.000000;0.000000
Y_4;X_4;0,1,2,3;1;0.049177;0.845443;0.105380;0.000000
Y_4;X_4;0,1,2,3;2;0.000000;0.191282;0.681197;0.127521
Y_4;X_4;0,1,2,3;3;0.000000;0.077356;0.775669;0.146976