target_variable;parents;target_values;X_5(parent_1);Y_5=0;Y_5=1;Y_5=2;Y_5=3
Y_5;X_5;0,1,2,3;0;0.878226;0.121774;0.000000;0.000000
Y_5;X_5;0,1,2,3;1;0.118425;0.684201;0.197375;0.000000
Y_5;X_5;0,1,2,3;2;0.000000;0.199866;0.675218;0.124916
Y_5;X_5;0,1,2,3;3;0.000000;0.077409;0.783255;0.139336