target_variable;parents;target_values;X_3(parent_1);Z_3=0;Z_3=1;Z_3=2;Z_3=3
Z_3;X_3;0,1,2,3;0;0.871744;0.128256;0.000000;0.000000
Z_3;X_3;0,1,2,3;1;0.082224;0.862960;0.054816;0.000000
Z_3;X_3;0,1,2,3;2;0.000000;0.119511;0.880489;0.000000
Z_3;X_3;0,1,2,3;3;0.000000;0.000000;0.000000;1.000000