target_variable;parents;target_values;X_6(parent_1);Z_6=0;Z_6=1;Z_6=2;Z_6=3
Z_6;X_6;0,1,2,3;0;0.872570;0.127430;0.000000;0.000000
Z_6;X_6;0,1,2,3;1;0.030000;0.950000;0.020000;0.000000
Z_6;X_6;0,1,2,3;2;0.000000;0.117774;0.882226;0.000000
Z_6;X_6;0,1,2,3;3;0.000000;0.000000;0.000000;1.000000