target_variable;parents;target_values;X_1(parent_1);A_1=0;A_1=1
A_1;X_1;0,1;0;0.857023;0.142977
A_1;X_1;0,1;1;0.725677;0.274323
A_1;X_1;0,1;2;0.419805;0.580195
A_1;X_1;0,1;3;0.130136;0.869864