target_variable;parents;target_values;X_2(parent_1);A_2=0;A_2=1
A_2;X_2;0,1;0;0.808941;0.191059
A_2;X_2;0,1;1;0.675678;0.324322
A_2;X_2;0,1;2;0.376918;0.623082
A_2;X_2;0,1;3;0.012619;0.987381