target_variable;parents;target_values;X_3(parent_1);A_3=0;A_3=1
A_3;X_3;0,1;0;0.937701;0.062299
A_3;X_3;0,1;1;0.668375;0.331625
A_3;X_3;0,1;2;0.322849;0.677151
A_3;X_3;0,1;3;0.087634;0.912366