target_variable;parents;target_values;X_4(parent_1);A_4=0;A_4=1
A_4;X_4;0,1;0;0.832095;0.167905
A_4;X_4;0,1;1;0.571614;0.428386
A_4;X_4;0,1;2;0.226509;0.773491
A_4;X_4;0,1;3;0.059132;0.940868