target_variable;parents;target_values;X_5(parent_1);A_5=0;A_5=1
A_5;X_5;0,1;0;0.915130;0.084870
A_5;X_5;0,1;1;0.590101;0.409899
A_5;X_5;0,1;2;0.245321;0.754679
A_5;X_5;0,1;3;0.099835;0.900165