target_variable;parents;target_values;X_1(parent_1);D_1=0;D_1=1
D_1;X_1;0,1;0;0.827282;0.172718
D_1;X_1;0,1;1;0.484554;0.515446
D_1;X_1;0,1;2;0.163792;0.836208
D_1;X_1;0,1;3;0.717947;0.282053