target_variable;parents;target_values;X_2(parent_1);D_2=0;D_2=1
D_2;X_2;0,1;0;0.776623;0.223377
D_2;X_2;0,1;1;0.427237;0.572763
D_2;X_2;0,1;2;0.175214;0.824786
D_2;X_2;0,1;3;0.621423;0.378577