target_variable;parents;target_values;X_3(parent_1);D_3=0;D_3=1
D_3;X_3;0,1;0;0.803391;0.196609
D_3;X_3;0,1;1;0.462660;0.537340
D_3;X_3;0,1;2;0.146440;0.853560
D_3;X_3;0,1;3;0.662189;0.337811