target_variable;parents;target_values;X_4(parent_1);D_4=0;D_4=1
D_4;X_4;0,1;0;0.743161;0.256839
D_4;X_4;0,1;1;0.492908;0.507092
D_4;X_4;0,1;2;0.197326;0.802674
D_4;X_4;0,1;3;0.697137;0.302863