target_variable;parents;target_values;X_5(parent_1);D_5=0;D_5=1
D_5;X_5;0,1;0;0.828832;0.171168
D_5;X_5;0,1;1;0.513610;0.486390
D_5;X_5;0,1;2;0.157841;0.842159
D_5;X_5;0,1;3;0.723225;0.276775