target_variable;parents;target_values;X_2(parent_1);A_2(parent_2);D_2(parent_3);X_2_t1=0;X_2_t1=1;X_2_t1=2;X_2_t1=3
X_2_t1;X_2,A_2,D_2;0,1,2,3;0;0;0;1.000000;0.000000;0.000000;0.000000
X_2_t1;X_2,A_2,D_2;0,1,2,3;0;0;1;1.000000;0.000000;0.000000;0.000000
X_2_t1;X_2,A_2,D_2;0,1,2,3;0;1;0;0.191315;0.617370;0.191315;0.000000
X_2_t1;X_2,A_2,D_2;0,1,2,3;0;1;1;0.730073;0.224939;0.044988;0.000000
X_2_t1;X_2,A_2,D_2;0,1,2,3;1;0;0;0.000000;1.000000;0.000000;0.000000
X_2_t1;X_2,A_2,D_2;0,1,2,3;1;0;1;0.478228;0.521772;0.000000;0.000000
X_2_t1;X_2,A_2,D_2;0,1,2,3;1;1;0;0.000000;0.219151;0.671274;0.109575
X_2_t1;X_2,A_2,D_2;0,1,2,3;1;1;1;0.291324;0.514460;0.194216;0.000000
X_2_t1;X_2,A_2,D_2;0,1,2,3;2;0;0;0.000000;0.000000;1.000000;0.000000
X_2_t1;X_2,A_2,D_2;0,1,2,3;2;0;1;0.104714;0.581143;0.314142;0.000000
X_2_t1;X_2,A_2,D_2;0,1,2,3;2;1;0;0.000000;0.000000;0.323665;0.676335
X_2_t1;X_2,A_2,D_2;0,1,2,3;2;1;1;0.000000;0.316884;0.577488;0.105628
X_2_t1;X_2,A_2,D_2;0,1,2,3;3;0;0;0.000000;0.000000;0.000000;1.000000
X_2_t1;X_2,A_2,D_2;0,1,2,3;3;0;1;0.000000;0.211839;0.682241;0.105920
X_2_t1;X_2,A_2,D_2;0,1,2,3;3;1;0;0.000000;0.000000;0.000000;1.000000
X_2_t1;X_2,A_2,D_2;0,1,2,3;3;1;1;0.000000;0.107122;0.571513;0.321365