target_variable;parents;target_values;X_1(parent_1);X_2=0;X_2=1;X_2=2;X_2=3
X_2;X_1;0,1,2,3;0;0.811293;0.145819;0.034310;0.008578
X_2;X_1;0,1,2,3;1;0.573440;0.284374;0.123229;0.018958
X_2;X_1;0,1,2,3;2;0.259164;0.450573;0.207331;0.082932
X_2;X_1;0,1,2,3;3;0.082661;0.330642;0.380046;0.206651