target_variable;parents;target_values;X_4(parent_1);X_5=0;X_5=1;X_5=2;X_5=3
X_5;X_4;0,1,2,3;0;0.792057;0.161733;0.034657;0.011552
X_5;X_4;0,1,2,3;1;0.624599;0.253396;0.093850;0.028155
X_5;X_4;0,1,2,3;2;0.359747;0.344752;0.197001;0.098500
X_5;X_4;0,1,2,3;3;0.048423;0.242117;0.418920;0.290540