target_variable;parents;target_values;X_1(parent_1);Y_1=0;Y_1=1;Y_1=2;Y_1=3
Y_1;X_1;0,1,2,3;0;0.816977;0.183023;0.000000;0.000000
Y_1;X_1;0,1,2,3;1;0.043600;0.825599;0.130800;0.000000
Y_1;X_1;0,1,2,3;2;0.000000;0.114097;0.771805;0.114097
Y_1;X_1;0,1,2,3;3;0.000000;0.089335;0.731995;0.178670