target_variable;parents;target_values;X_2(parent_1);Y_2=0;Y_2=1;Y_2=2;Y_2=3
Y_2;X_2;0,1,2,3;0;0.877925;0.122075;0.000000;0.000000
Y_2;X_2;0,1,2,3;1;0.066613;0.766856;0.166531;0.000000
Y_2;X_2;0,1,2,3;2;0.000000;0.138173;0.746684;0.115144
Y_2;X_2;0,1,2,3;3;0.000000;0.109564;0.649395;0.241041