target_variable;parents;target_values;X_3(parent_1);Y_3=0;Y_3=1;Y_3=2;Y_3=3
Y_3;X_3;0,1,2,3;0;0.870968;0.129032;0.000000;0.000000
Y_3;X_3;0,1,2,3;1;0.068860;0.802029;0.129112;0.000000
Y_3;X_3;0,1,2,3;2;0.000000;0.155701;0.733083;0.111215
Y_3;X_3;0,1,2,3;3;0.000000;0.093011;0.711667;0.195322