target_variable;parents;target_values;X_4(parent_1);Y_4=0;Y_4=1;Y_4=2;Y_4=3
Y_4;X_4;0,1,2,3;0;0.798507;0.201493;0.000000;0.000000
Y_4;X_4;0,1,2,3;1;0.079738;0.749396;0.170866;0.000000
Y_4;X_4;0,1,2,3;2;0.000000;0.164266;0.726224;0.109510
Y_4;X_4;0,1,2,3;3;0.000000;0.108633;0.684964;0.206403