target_variable;parents;target_values;X_5(parent_1);Y_5=0;Y_5=1;Y_5=2;Y_5=3
Y_5;X_5;0,1,2,3;0;0.831824;0.168176;0.000000;0.000000
Y_5;X_5;0,1,2,3;1;0.077632;0.792982;0.129386;0.000000
Y_5;X_5;0,1,2,3;2;0.000000;0.144367;0.765404;0.090229
Y_5;X_5;0,1,2,3;3;0.000000;0.108543;0.696079;0.195378