target_variable;parents;target_values;X_3(parent_1);Z_3=0;Z_3=1;Z_3=2;Z_3=3
Z_3;X_3;0,1,2,3;0;0.976235;0.023765;0.000000;0.000000
Z_3;X_3;0,1,2,3;1;0.049610;0.917316;0.033074;0.000000
Z_3;X_3;0,1,2,3;2;0.000000;0.015921;0.984079;0.000000
Z_3;X_3;0,1,2,3;3;0.000000;0.000000;0.000000;1.000000