target_variable;parents;target_values;X_6(parent_1);Z_6=0;Z_6=1;Z_6=2;Z_6=3
Z_6;X_6;0,1,2,3;0;0.992971;0.007029;0.000000;0.000000
Z_6;X_6;0,1,2,3;1;0.057978;0.903369;0.038652;0.000000
Z_6;X_6;0,1,2,3;2;0.000000;0.076528;0.923472;0.000000
Z_6;X_6;0,1,2,3;3;0.000000;0.000000;0.000000;1.000000