target_variable;parents;target_values;X_1(parent_1);A_1=0;A_1=1
A_1;X_1;0,1;0;0.815137;0.184863
A_1;X_1;0,1;1;0.763415;0.236585
A_1;X_1;0,1;2;0.448481;0.551519
A_1;X_1;0,1;3;0.024824;0.975176