target_variable;parents;target_values;X_2(parent_1);A_2=0;A_2=1
A_2;X_2;0,1;0;0.925700;0.074300
A_2;X_2;0,1;1;0.595429;0.404571
A_2;X_2;0,1;2;0.401436;0.598564
A_2;X_2;0,1;3;0.050000;0.950000