target_variable;parents;target_values;X_3(parent_1);A_3=0;A_3=1
A_3;X_3;0,1;0;0.984849;0.015151
A_3;X_3;0,1;1;0.630131;0.369869
A_3;X_3;0,1;2;0.230111;0.769889
A_3;X_3;0,1;3;0.134016;0.865984