target_variable;parents;target_values;X_4(parent_1);A_4=0;A_4=1
A_4;X_4;0,1;0;0.733092;0.266908
A_4;X_4;0,1;1;0.541083;0.458917
A_4;X_4;0,1;2;0.311704;0.688296
A_4;X_4;0,1;3;0.188606;0.811394