target_variable;parents;target_values;X_5(parent_1);A_5=0;A_5=1
A_5;X_5;0,1;0;0.962767;0.037233
A_5;X_5;0,1;1;0.671709;0.328291
A_5;X_5;0,1;2;0.220488;0.779512
A_5;X_5;0,1;3;0.153627;0.846373