target_variable;parents;target_values;X_1(parent_1);D_1=0;D_1=1
D_1;X_1;0,1;0;0.862625;0.137375
D_1;X_1;0,1;1;0.451693;0.548307
D_1;X_1;0,1;2;0.271103;0.728897
D_1;X_1;0,1;3;0.758787;0.241213