target_variable;parents;target_values;X_2(parent_1);D_2=0;D_2=1
D_2;X_2;0,1;0;0.822210;0.177790
D_2;X_2;0,1;1;0.503535;0.496465
D_2;X_2;0,1;2;0.074637;0.925363
D_2;X_2;0,1;3;0.598579;0.401421