target_variable;parents;target_values;X_3(parent_1);D_3=0;D_3=1
D_3;X_3;0,1;0;0.845829;0.154171
D_3;X_3;0,1;1;0.527937;0.472063
D_3;X_3;0,1;2;0.102750;0.897250
D_3;X_3;0,1;3;0.625351;0.374649