target_variable;parents;target_values;X_4(parent_1);D_4=0;D_4=1
D_4;X_4;0,1;0;0.839105;0.160895
D_4;X_4;0,1;1;0.519540;0.480460
D_4;X_4;0,1;2;0.233637;0.766363
D_4;X_4;0,1;3;0.604227;0.395773