target_variable;parents;target_values;X_5(parent_1);D_5=0;D_5=1
D_5;X_5;0,1;0;0.722192;0.277808
D_5;X_5;0,1;1;0.534479;0.465521
D_5;X_5;0,1;2;0.126049;0.873951
D_5;X_5;0,1;3;0.755594;0.244406