target_variable;parents;target_values;X_1(parent_1);X_2=0;X_2=1;X_2=2;X_2=3
X_2;X_1;0,1,2,3;0;0.841549;0.122440;0.028809;0.007202
X_2;X_1;0,1,2,3;1;0.601795;0.265470;0.115037;0.017698
X_2;X_1;0,1,2,3;2;0.269201;0.429294;0.215361;0.086144
X_2;X_1;0,1,2,3;3;0.085333;0.341333;0.360000;0.213333