target_variable;parents;target_values;X_4(parent_1);X_5=0;X_5=1;X_5=2;X_5=3
X_5;X_4;0,1,2,3;0;0.899639;0.078059;0.016727;0.005576
X_5;X_4;0,1,2,3;1;0.549096;0.304360;0.112726;0.033818
X_5;X_4;0,1,2,3;2;0.318023;0.367218;0.209839;0.104919
X_5;X_4;0,1,2,3;3;0.046788;0.233938;0.438550;0.280725