target_variable;parents;target_values;X_1(parent_1);Y_1=0;Y_1=1;Y_1=2;Y_1=3
Y_1;X_1;0,1,2,3;0;0.915386;0.084614;0.000000;0.000000
Y_1;X_1;0,1,2,3;1;0.032632;0.869472;0.097896;0.000000
Y_1;X_1;0,1,2,3;2;0.000000;0.138142;0.723716;0.138142
Y_1;X_1;0,1,2,3;3;0.000000;0.081959;0.754122;0.163919