target_variable;parents;target_values;X_2(parent_1);Y_2=0;Y_2=1;Y_2=2;Y_2=3
Y_2;X_2;0,1,2,3;0;0.909011;0.090989;0.000000;0.000000
Y_2;X_2;0,1,2,3;1;0.037857;0.867500;0.094643;0.000000
Y_2;X_2;0,1,2,3;2;0.000000;0.087412;0.839745;0.072843
Y_2;X_2;0,1,2,3;3;0.000000;0.118942;0.619386;0.261672