target_variable;parents;target_values;X_3(parent_1);Y_3=0;Y_3=1;Y_3=2;Y_3=3
Y_3;X_3;0,1,2,3;0;0.765824;0.234176;0.000000;0.000000
Y_3;X_3;0,1,2,3;1;0.103748;0.701724;0.194528;0.000000
Y_3;X_3;0,1,2,3;2;0.000000;0.179030;0.693092;0.127878
Y_3;X_3;0,1,2,3;3;0.000000;0.077938;0.758394;0.163669