target_variable;parents;target_values;X_4(parent_1);Y_4=0;Y_4=1;Y_4=2;Y_4=3
Y_4;X_4;0,1,2,3;0;0.887431;0.112569;0.000000;0.000000
Y_4;X_4;0,1,2,3;1;0.094375;0.703392;0.202233;0.000000
Y_4;X_4;0,1,2,3;2;0.000000;0.184819;0.691969;0.123212
Y_4;X_4;0,1,2,3;3;0.000000;0.076904;0.776979;0.146117