target_variable;parents;target_values;X_5(parent_1);Y_5=0;Y_5=1;Y_5=2;Y_5=3
Y_5;X_5;0,1,2,3;0;0.734568;0.265432;0.000000;0.000000
Y_5;X_5;0,1,2,3;1;0.118226;0.684732;0.197043;0.000000
Y_5;X_5;0,1,2,3;2;0.000000;0.124423;0.797813;0.077764
Y_5;X_5;0,1,2,3;3;0.000000;0.079328;0.777880;0.142791