target_variable;parents;target_values;X_1(parent_1);A_1=0;A_1=1
A_1;X_1;0,1;0;0.972256;0.027744
A_1;X_1;0,1;1;0.761942;0.238058
A_1;X_1;0,1;2;0.353468;0.646532
A_1;X_1;0,1;3;0.029616;0.970384