target_variable;parents;target_values;X_2(parent_1);A_2=0;A_2=1
A_2;X_2;0,1;0;0.930819;0.069181
A_2;X_2;0,1;1;0.597123;0.402877
A_2;X_2;0,1;2;0.292968;0.707032
A_2;X_2;0,1;3;0.126712;0.873288