target_variable;parents;target_values;X_3(parent_1);A_3=0;A_3=1
A_3;X_3;0,1;0;0.969462;0.030538
A_3;X_3;0,1;1;0.761713;0.238287
A_3;X_3;0,1;2;0.233460;0.766540
A_3;X_3;0,1;3;0.127727;0.872273