target_variable;parents;target_values;X_4(parent_1);A_4=0;A_4=1
A_4;X_4;0,1;0;0.873738;0.126262
A_4;X_4;0,1;1;0.649356;0.350644
A_4;X_4;0,1;2;0.320513;0.679487
A_4;X_4;0,1;3;0.011415;0.988585