target_variable;parents;target_values;X_5(parent_1);A_5=0;A_5=1
A_5;X_5;0,1;0;0.799938;0.200062
A_5;X_5;0,1;1;0.680363;0.319637
A_5;X_5;0,1;2;0.213782;0.786218
A_5;X_5;0,1;3;0.157745;0.842255