target_variable;parents;target_values;X_1(parent_1);D_1=0;D_1=1
D_1;X_1;0,1;0;0.736051;0.263949
D_1;X_1;0,1;1;0.541392;0.458608
D_1;X_1;0,1;2;0.264910;0.735090
D_1;X_1;0,1;3;0.755823;0.244177