target_variable;parents;target_values;X_2(parent_1);D_2=0;D_2=1
D_2;X_2;0,1;0;0.807383;0.192617
D_2;X_2;0,1;1;0.498011;0.501989
D_2;X_2;0,1;2;0.230917;0.769083
D_2;X_2;0,1;3;0.702612;0.297388