target_variable;parents;target_values;X_3(parent_1);D_3=0;D_3=1
D_3;X_3;0,1;0;0.712492;0.287508
D_3;X_3;0,1;1;0.435430;0.564570
D_3;X_3;0,1;2;0.252553;0.747447
D_3;X_3;0,1;3;0.619802;0.380198