target_variable;parents;target_values;X_4(parent_1);D_4=0;D_4=1
D_4;X_4;0,1;0;0.709106;0.290894
D_4;X_4;0,1;1;0.515808;0.484192
D_4;X_4;0,1;2;0.106197;0.893803
D_4;X_4;0,1;3;0.726449;0.273551