target_variable;parents;target_values;X_5(parent_1);D_5=0;D_5=1
D_5;X_5;0,1;0;0.726244;0.273756
D_5;X_5;0,1;1;0.444361;0.555639
D_5;X_5;0,1;2;0.123324;0.876676
D_5;X_5;0,1;3;0.625771;0.374229