target_variable;parents;target_values;X_1(parent_1);X_2=0;X_2=1;X_2=2;X_2=3
X_2;X_1;0,1,2,3;0;0.851459;0.114782;0.027007;0.006752
X_2;X_1;0,1,2,3;1;0.593385;0.271077;0.117467;0.018072
X_2;X_1;0,1,2,3;2;0.229686;0.513066;0.183749;0.073499
X_2;X_1;0,1,2,3;3;0.084771;0.339086;0.364214;0.211929