target_variable;parents;target_values;X_4(parent_1);X_5=0;X_5=1;X_5=2;X_5=3
X_5;X_4;0,1,2,3;0;0.755272;0.190344;0.040788;0.013596
X_5;X_4;0,1,2,3;1;0.658428;0.230561;0.085393;0.025618
X_5;X_4;0,1,2,3;2;0.320513;0.365877;0.209073;0.104536
X_5;X_4;0,1,2,3;3;0.046961;0.234807;0.436463;0.281769