target_variable;parents;target_values;X_1(parent_1);Y_1=0;Y_1=1;Y_1=2;Y_1=3
Y_1;X_1;0,1,2,3;0;0.932725;0.067275;0.000000;0.000000
Y_1;X_1;0,1,2,3;1;0.032571;0.869716;0.097713;0.000000
Y_1;X_1;0,1,2,3;2;0.000000;0.066132;0.867736;0.066132
Y_1;X_1;0,1,2,3;3;0.000000;0.123157;0.630530;0.246314