target_variable;parents;target_values;X_2(parent_1);Y_2=0;Y_2=1;Y_2=2;Y_2=3
Y_2;X_2;0,1,2,3;0;0.909039;0.090961;0.000000;0.000000
Y_2;X_2;0,1,2,3;1;0.040243;0.859148;0.100609;0.000000
Y_2;X_2;0,1,2,3;2;0.000000;0.160182;0.706333;0.133485
Y_2;X_2;0,1,2,3;3;0.000000;0.083413;0.733078;0.183509