target_variable;parents;target_values;X_3(parent_1);Y_3=0;Y_3=1;Y_3=2;Y_3=3
Y_3;X_3;0,1,2,3;0;0.755531;0.244469;0.000000;0.000000
Y_3;X_3;0,1,2,3;1;0.106410;0.694072;0.199518;0.000000
Y_3;X_3;0,1,2,3;2;0.000000;0.102957;0.823503;0.073541
Y_3;X_3;0,1,2,3;3;0.000000;0.119116;0.630740;0.250144