target_variable;parents;target_values;X_4(parent_1);Y_4=0;Y_4=1;Y_4=2;Y_4=3
Y_4;X_4;0,1,2,3;0;0.744462;0.255538;0.000000;0.000000
Y_4;X_4;0,1,2,3;1;0.049508;0.844404;0.106088;0.000000
Y_4;X_4;0,1,2,3;2;0.000000;0.191081;0.681532;0.127387
Y_4;X_4;0,1,2,3;3;0.000000;0.123331;0.642340;0.234329