target_variable;parents;target_values;X_5(parent_1);Y_5=0;Y_5=1;Y_5=2;Y_5=3
Y_5;X_5;0,1,2,3;0;0.729490;0.270510;0.000000;0.000000
Y_5;X_5;0,1,2,3;1;0.065986;0.824037;0.109977;0.000000
Y_5;X_5;0,1,2,3;2;0.000000;0.198042;0.678181;0.123776
Y_5;X_5;0,1,2,3;3;0.000000;0.123821;0.653301;0.222878