target_variable;parents;target_values;X_3(parent_1);Z_3=0;Z_3=1;Z_3=2;Z_3=3
Z_3;X_3;0,1,2,3;0;0.876921;0.123079;0.000000;0.000000
Z_3;X_3;0,1,2,3;1;0.076662;0.872231;0.051108;0.000000
Z_3;X_3;0,1,2,3;2;0.000000;0.112616;0.887384;0.000000
Z_3;X_3;0,1,2,3;3;0.000000;0.000000;0.000000;1.000000