target_variable;parents;target_values;X_1(parent_1);A_1=0;A_1=1
A_1;X_1;0,1;0;0.912589;0.087411
A_1;X_1;0,1;1;0.709183;0.290817
A_1;X_1;0,1;2;0.406336;0.593664
A_1;X_1;0,1;3;0.101232;0.898768