target_variable;parents;target_values;X_2(parent_1);A_2=0;A_2=1
A_2;X_2;0,1;0;0.856453;0.143547
A_2;X_2;0,1;1;0.661839;0.338161
A_2;X_2;0,1;2;0.362998;0.637002
A_2;X_2;0,1;3;0.058219;0.941781