target_variable;parents;target_values;X_3(parent_1);A_3=0;A_3=1
A_3;X_3;0,1;0;0.892486;0.107514
A_3;X_3;0,1;1;0.695134;0.304866
A_3;X_3;0,1;2;0.304857;0.695143
A_3;X_3;0,1;3;0.028835;0.971165