target_variable;parents;target_values;X_4(parent_1);A_4=0;A_4=1
A_4;X_4;0,1;0;0.801044;0.198956
A_4;X_4;0,1;1;0.606092;0.393908
A_4;X_4;0,1;2;0.250801;0.749199
A_4;X_4;0,1;3;0.093770;0.906230