target_variable;parents;target_values;X_5(parent_1);A_5=0;A_5=1
A_5;X_5;0,1;0;0.875452;0.124548
A_5;X_5;0,1;1;0.622911;0.377089
A_5;X_5;0,1;2;0.270527;0.729473
A_5;X_5;0,1;3;0.089675;0.910325