target_variable;parents;target_values;X_1(parent_1);D_1=0;D_1=1
D_1;X_1;0,1;0;0.790900;0.209100
D_1;X_1;0,1;1;0.494141;0.505859
D_1;X_1;0,1;2;0.199172;0.800828
D_1;X_1;0,1;3;0.706868;0.293132