target_variable;parents;target_values;X_2(parent_1);D_2=0;D_2=1
D_2;X_2;0,1;0;0.765870;0.234130
D_2;X_2;0,1;1;0.448237;0.551763
D_2;X_2;0,1;2;0.138871;0.861129
D_2;X_2;0,1;3;0.636594;0.363406