target_variable;parents;target_values;X_3(parent_1);D_3=0;D_3=1
D_3;X_3;0,1;0;0.772192;0.227808
D_3;X_3;0,1;1;0.489183;0.510817
D_3;X_3;0,1;2;0.187999;0.812001
D_3;X_3;0,1;3;0.696625;0.303375