target_variable;parents;target_values;X_4(parent_1);D_4=0;D_4=1
D_4;X_4;0,1;0;0.781045;0.218955
D_4;X_4;0,1;1;0.477785;0.522215
D_4;X_4;0,1;2;0.181824;0.818176
D_4;X_4;0,1;3;0.674317;0.325683