target_variable;parents;target_values;X_5(parent_1);D_5=0;D_5=1
D_5;X_5;0,1;0;0.773662;0.226338
D_5;X_5;0,1;1;0.487216;0.512784
D_5;X_5;0,1;2;0.189176;0.810824
D_5;X_5;0,1;3;0.698777;0.301223