target_variable;parents;target_values;X_1(parent_1);X_2=0;X_2=1;X_2=2;X_2=3
X_2;X_1;0,1,2,3;0;0.775458;0.173510;0.040826;0.010206
X_2;X_1;0,1,2,3;1;0.549536;0.300309;0.130134;0.020021
X_2;X_1;0,1,2,3;2;0.250180;0.469619;0.200144;0.080058
X_2;X_1;0,1,2,3;3;0.079015;0.316059;0.407389;0.197537