target_variable;parents;target_values;X_5(parent_1);A_5(parent_2);D_5(parent_3);X_5_t1=0;X_5_t1=1;X_5_t1=2;X_5_t1=3
X_5_t1;X_5,A_5,D_5;0,1,2,3;0;0;0;1.000000;0.000000;0.000000;0.000000
X_5_t1;X_5,A_5,D_5;0,1,2,3;0;0;1;1.000000;0.000000;0.000000;0.000000
X_5_t1;X_5,A_5,D_5;0,1,2,3;0;1;0;0.096923;0.612309;0.290768;0.000000
X_5_t1;X_5,A_5,D_5;0,1,2,3;0;1;1;0.788847;0.158365;0.052788;0.000000
X_5_t1;X_5,A_5,D_5;0,1,2,3;1;0;0;0.000000;1.000000;0.000000;0.000000
X_5_t1;X_5,A_5,D_5;0,1,2,3;1;0;1;0.403878;0.596122;0.000000;0.000000
X_5_t1;X_5,A_5,D_5;0,1,2,3;1;1;0;0.000000;0.109088;0.781823;0.109088
X_5_t1;X_5,A_5,D_5;0,1,2,3;1;1;1;0.198698;0.701952;0.099349;0.000000
X_5_t1;X_5,A_5,D_5;0,1,2,3;2;0;0;0.000000;0.000000;1.000000;0.000000
X_5_t1;X_5,A_5,D_5;0,1,2,3;2;0;1;0.051049;0.489508;0.459442;0.000000
X_5_t1;X_5,A_5,D_5;0,1,2,3;2;1;0;0.000000;0.000000;0.215864;0.784136
X_5_t1;X_5,A_5,D_5;0,1,2,3;2;1;1;0.000000;0.192488;0.759390;0.048122
X_5_t1;X_5,A_5,D_5;0,1,2,3;3;0;0;0.000000;0.000000;0.000000;1.000000
X_5_t1;X_5,A_5,D_5;0,1,2,3;3;0;1;0.000000;0.099896;0.700313;0.199791
X_5_t1;X_5,A_5,D_5;0,1,2,3;3;1;0;0.000000;0.000000;0.000000;1.000000
X_5_t1;X_5,A_5,D_5;0,1,2,3;3;1;1;0.000000;0.049507;0.603946;0.346548