target_variable;parents;target_values;X_4(parent_1);X_5=0;X_5=1;X_5=2;X_5=3
X_5;X_4;0,1,2,3;0;0.835178;0.128195;0.027470;0.009157
X_5;X_4;0,1,2,3;1;0.607466;0.264960;0.098133;0.029440
X_5;X_4;0,1,2,3;2;0.357560;0.345929;0.197674;0.098837
X_5;X_4;0,1,2,3;3;0.050602;0.253008;0.392780;0.303610