target_variable;parents;target_values;X_1(parent_1);Y_1=0;Y_1=1;Y_1=2;Y_1=3
Y_1;X_1;0,1,2,3;0;0.868654;0.131346;0.000000;0.000000
Y_1;X_1;0,1,2,3;1;0.050753;0.796988;0.152259;0.000000
Y_1;X_1;0,1,2,3;2;0.000000;0.103533;0.792935;0.103533
Y_1;X_1;0,1,2,3;3;0.000000;0.103332;0.690003;0.206665