target_variable;parents;target_values;X_2(parent_1);Y_2=0;Y_2=1;Y_2=2;Y_2=3
Y_2;X_2;0,1,2,3;0;0.841040;0.158960;0.000000;0.000000
Y_2;X_2;0,1,2,3;1;0.058901;0.793845;0.147254;0.000000
Y_2;X_2;0,1,2,3;2;0.000000;0.113163;0.792535;0.094302
Y_2;X_2;0,1,2,3;3;0.000000;0.103838;0.667718;0.228444