target_variable;parents;target_values;X_3(parent_1);Y_3=0;Y_3=1;Y_3=2;Y_3=3
Y_3;X_3;0,1,2,3;0;0.817464;0.182536;0.000000;0.000000
Y_3;X_3;0,1,2,3;1;0.073723;0.788045;0.138231;0.000000
Y_3;X_3;0,1,2,3;2;0.000000;0.129925;0.777272;0.092803
Y_3;X_3;0,1,2,3;3;0.000000;0.098020;0.696138;0.205842