target_variable;parents;target_values;X_4(parent_1);Y_4=0;Y_4=1;Y_4=2;Y_4=3
Y_4;X_4;0,1,2,3;0;0.819349;0.180651;0.000000;0.000000
Y_4;X_4;0,1,2,3;1;0.069895;0.780330;0.149775;0.000000
Y_4;X_4;0,1,2,3;2;0.000000;0.148855;0.751908;0.099237
Y_4;X_4;0,1,2,3;3;0.000000;0.103939;0.698578;0.197483