target_variable;parents;target_values;X_5(parent_1);Y_5=0;Y_5=1;Y_5=2;Y_5=3
Y_5;X_5;0,1,2,3;0;0.823225;0.176775;0.000000;0.000000
Y_5;X_5;0,1,2,3;1;0.094885;0.746974;0.158141;0.000000
Y_5;X_5;0,1,2,3;2;0.000000;0.168201;0.726674;0.105125
Y_5;X_5;0,1,2,3;3;0.000000;0.104344;0.707836;0.187819