target_variable;parents;target_values;X_4(parent_1);Z_4=0;Z_4=1;Z_4=2;Z_4=3
Z_4;X_4;0,1,2,3;0;0.969710;0.030290;0.000000;0.000000
Z_4;X_4;0,1,2,3;1;0.029990;0.950017;0.019993;0.000000
Z_4;X_4;0,1,2,3;2;0.000000;0.013210;0.986790;0.000000
Z_4;X_4;0,1,2,3;3;0.000000;0.000000;0.000000;1.000000