target_variable;parents;target_values;X_5(parent_1);Z_5=0;Z_5=1;Z_5=2;Z_5=3
Z_5;X_5;0,1,2,3;0;0.954580;0.045420;0.000000;0.000000
Z_5;X_5;0,1,2,3;1;0.029500;0.941000;0.029500;0.000000
Z_5;X_5;0,1,2,3;2;0.000000;0.052524;0.947476;0.000000
Z_5;X_5;0,1,2,3;3;0.000000;0.000000;0.000000;1.000000