target_variable;parents;target_values;X_6(parent_1);Z_6=0;Z_6=1;Z_6=2;Z_6=3
Z_6;X_6;0,1,2,3;0;0.948264;0.051736;0.000000;0.000000
Z_6;X_6;0,1,2,3;1;0.022521;0.962465;0.015014;0.000000
Z_6;X_6;0,1,2,3;2;0.000000;0.044889;0.955111;0.000000
Z_6;X_6;0,1,2,3;3;0.000000;0.000000;0.000000;1.000000