target_variable;parents;target_values;X_1(parent_1);A_1=0;A_1=1
A_1;X_1;0,1;0;0.863259;0.136741
A_1;X_1;0,1;1;0.734872;0.265128
A_1;X_1;0,1;2;0.423008;0.576992
A_1;X_1;0,1;3;0.073222;0.926778