target_variable;parents;target_values;X_2(parent_1);A_2=0;A_2=1
A_2;X_2;0,1;0;0.815274;0.184726
A_2;X_2;0,1;1;0.633516;0.366484
A_2;X_2;0,1;2;0.323831;0.676169
A_2;X_2;0,1;3;0.024422;0.975578