target_variable;parents;target_values;X_3(parent_1);A_3=0;A_3=1
A_3;X_3;0,1;0;0.937363;0.062637
A_3;X_3;0,1;1;0.682225;0.317775
A_3;X_3;0,1;2;0.282191;0.717809
A_3;X_3;0,1;3;0.013419;0.986581