target_variable;parents;target_values;X_4(parent_1);A_4=0;A_4=1
A_4;X_4;0,1;0;0.832722;0.167278
A_4;X_4;0,1;1;0.580458;0.419542
A_4;X_4;0,1;2;0.275301;0.724699
A_4;X_4;0,1;3;0.144829;0.855171