target_variable;parents;target_values;X_5(parent_1);A_5=0;A_5=1
A_5;X_5;0,1;0;0.922100;0.077900
A_5;X_5;0,1;1;0.639900;0.360100
A_5;X_5;0,1;2;0.257993;0.742007
A_5;X_5;0,1;3;0.109338;0.890662