target_variable;parents;target_values;X_1(parent_1);D_1=0;D_1=1
D_1;X_1;0,1;0;0.773377;0.226623
D_1;X_1;0,1;1;0.481129;0.518871
D_1;X_1;0,1;2;0.221086;0.778914
D_1;X_1;0,1;3;0.667767;0.332233