target_variable;parents;target_values;X_2(parent_1);D_2=0;D_2=1
D_2;X_2;0,1;0;0.774933;0.225067
D_2;X_2;0,1;1;0.424073;0.575927
D_2;X_2;0,1;2;0.122377;0.877623
D_2;X_2;0,1;3;0.630592;0.369408