target_variable;parents;target_values;X_3(parent_1);D_3=0;D_3=1
D_3;X_3;0,1;0;0.753750;0.246250
D_3;X_3;0,1;1;0.505073;0.494927
D_3;X_3;0,1;2;0.157072;0.842928
D_3;X_3;0,1;3;0.706777;0.293223