target_variable;parents;target_values;X_4(parent_1);D_4=0;D_4=1
D_4;X_4;0,1;0;0.798714;0.201286
D_4;X_4;0,1;1;0.450165;0.549835
D_4;X_4;0,1;2;0.207720;0.792280
D_4;X_4;0,1;3;0.647202;0.352798