target_variable;parents;target_values;X_5(parent_1);D_5=0;D_5=1
D_5;X_5;0,1;0;0.764433;0.235567
D_5;X_5;0,1;1;0.506606;0.493394
D_5;X_5;0,1;2;0.156759;0.843241
D_5;X_5;0,1;3;0.712307;0.287693