target_variable;parents;target_values;X_1(parent_1);X_2=0;X_2=1;X_2=2;X_2=3
X_2;X_1;0,1,2,3;0;0.758791;0.186389;0.043856;0.010964
X_2;X_1;0,1,2,3;1;0.568782;0.287479;0.124574;0.019165
X_2;X_1;0,1,2,3;2;0.244395;0.481882;0.195516;0.078206
X_2;X_1;0,1,2,3;3;0.081898;0.327593;0.385763;0.204746