target_variable;parents;target_values;X_3(parent_1);A_3(parent_2);D_3(parent_3);X_3_t1=0;X_3_t1=1;X_3_t1=2;X_3_t1=3
X_3_t1;X_3,A_3,D_3;0,1,2,3;0;0;0;1.000000;0.000000;0.000000;0.000000
X_3_t1;X_3,A_3,D_3;0,1,2,3;0;0;1;1.000000;0.000000;0.000000;0.000000
X_3_t1;X_3,A_3,D_3;0,1,2,3;0;1;0;0.111285;0.666146;0.222570;0.000000
X_3_t1;X_3,A_3,D_3;0,1,2,3;0;1;1;0.762836;0.177873;0.059291;0.000000
X_3_t1;X_3,A_3,D_3;0,1,2,3;1;0;0;0.000000;1.000000;0.000000;0.000000
X_3_t1;X_3,A_3,D_3;0,1,2,3;1;0;1;0.420768;0.579232;0.000000;0.000000
X_3_t1;X_3,A_3,D_3;0,1,2,3;1;1;0;0.000000;0.088059;0.823883;0.088059
X_3_t1;X_3,A_3,D_3;0,1,2,3;1;1;1;0.191809;0.616381;0.191809;0.000000
X_3_t1;X_3,A_3,D_3;0,1,2,3;2;0;0;0.000000;0.000000;1.000000;0.000000
X_3_t1;X_3,A_3,D_3;0,1,2,3;2;0;1;0.052168;0.478323;0.469509;0.000000
X_3_t1;X_3,A_3,D_3;0,1,2,3;2;1;0;0.000000;0.000000;0.166412;0.833588
X_3_t1;X_3,A_3,D_3;0,1,2,3;2;1;1;0.000000;0.188147;0.717780;0.094073
X_3_t1;X_3,A_3,D_3;0,1,2,3;3;0;0;0.000000;0.000000;0.000000;1.000000
X_3_t1;X_3,A_3,D_3;0,1,2,3;3;0;1;0.000000;0.093945;0.624221;0.281834
X_3_t1;X_3,A_3,D_3;0,1,2,3;3;1;0;0.000000;0.000000;0.000000;1.000000
X_3_t1;X_3,A_3,D_3;0,1,2,3;3;1;1;0.000000;0.051635;0.483653;0.464712