target_variable;parents;target_values;X_4(parent_1);X_5=0;X_5=1;X_5=2;X_5=3
X_5;X_4;0,1,2,3;0;0.851992;0.115117;0.024668;0.008223
X_5;X_4;0,1,2,3;1;0.582355;0.281910;0.104411;0.031323
X_5;X_4;0,1,2,3;2;0.334725;0.358225;0.204700;0.102350
X_5;X_4;0,1,2,3;3;0.048784;0.243922;0.414587;0.292707