target_variable;parents;target_values;X_1(parent_1);Y_1=0;Y_1=1;Y_1=2;Y_1=3
Y_1;X_1;0,1,2,3;0;0.878971;0.121029;0.000000;0.000000
Y_1;X_1;0,1,2,3;1;0.058593;0.765628;0.175779;0.000000
Y_1;X_1;0,1,2,3;2;0.000000;0.111577;0.776846;0.111577
Y_1;X_1;0,1,2,3;3;0.000000;0.092390;0.722831;0.184779