target_variable;parents;target_values;X_2(parent_1);Y_2=0;Y_2=1;Y_2=2;Y_2=3
Y_2;X_2;0,1,2,3;0;0.801051;0.198949;0.000000;0.000000
Y_2;X_2;0,1,2,3;1;0.069185;0.757854;0.172961;0.000000
Y_2;X_2;0,1,2,3;2;0.000000;0.105749;0.806128;0.088124
Y_2;X_2;0,1,2,3;3;0.000000;0.110157;0.647498;0.242345