target_variable;parents;target_values;X_3(parent_1);Y_3=0;Y_3=1;Y_3=2;Y_3=3
Y_3;X_3;0,1,2,3;0;0.860967;0.139033;0.000000;0.000000
Y_3;X_3;0,1,2,3;1;0.088847;0.744565;0.166588;0.000000
Y_3;X_3;0,1,2,3;2;0.000000;0.157618;0.729797;0.112585
Y_3;X_3;0,1,2,3;3;0.000000;0.110408;0.657735;0.231857