target_variable;parents;target_values;X_4(parent_1);Y_4=0;Y_4=1;Y_4=2;Y_4=3
Y_4;X_4;0,1,2,3;0;0.797757;0.202243;0.000000;0.000000
Y_4;X_4;0,1,2,3;1;0.079003;0.751706;0.169291;0.000000
Y_4;X_4;0,1,2,3;2;0.000000;0.170527;0.715788;0.113685
Y_4;X_4;0,1,2,3;3;0.000000;0.111310;0.677202;0.211488