target_variable;parents;target_values;X_5(parent_1);Y_5=0;Y_5=1;Y_5=2;Y_5=3
Y_5;X_5;0,1,2,3;0;0.782306;0.217694;0.000000;0.000000
Y_5;X_5;0,1,2,3;1;0.099131;0.735650;0.165219;0.000000
Y_5;X_5;0,1,2,3;2;0.000000;0.180932;0.705986;0.113082
Y_5;X_5;0,1,2,3;3;0.000000;0.091381;0.744134;0.164485