target_variable;parents;target_values;X_3(parent_1);Z_3=0;Z_3=1;Z_3=2;Z_3=3
Z_3;X_3;0,1,2,3;0;0.910256;0.089744;0.000000;0.000000
Z_3;X_3;0,1,2,3;1;0.048366;0.919391;0.032244;0.000000
Z_3;X_3;0,1,2,3;2;0.000000;0.080902;0.919098;0.000000
Z_3;X_3;0,1,2,3;3;0.000000;0.000000;0.000000;1.000000