target_variable;parents;target_values;X_4(parent_1);Z_4=0;Z_4=1;Z_4=2;Z_4=3
Z_4;X_4;0,1,2,3;0;0.927536;0.072464;0.000000;0.000000
Z_4;X_4;0,1,2,3;1;0.009679;0.983869;0.006452;0.000000
Z_4;X_4;0,1,2,3;2;0.000000;0.004233;0.995767;0.000000
Z_4;X_4;0,1,2,3;3;0.000000;0.000000;0.000000;1.000000