target_variable;parents;target_values;X_1(parent_1);A_1=0;A_1=1
A_1;X_1;0,1;0;0.904187;0.095813
A_1;X_1;0,1;1;0.682963;0.317037
A_1;X_1;0,1;2;0.413406;0.586594
A_1;X_1;0,1;3;0.091399;0.908601