target_variable;parents;target_values;X_2(parent_1);A_2=0;A_2=1
A_2;X_2;0,1;0;0.834632;0.165368
A_2;X_2;0,1;1;0.655134;0.344866
A_2;X_2;0,1;2;0.361173;0.638827
A_2;X_2;0,1;3;0.052298;0.947702