target_variable;parents;target_values;X_3(parent_1);A_3=0;A_3=1
A_3;X_3;0,1;0;0.895596;0.104404
A_3;X_3;0,1;1;0.692207;0.307793
A_3;X_3;0,1;2;0.288801;0.711199
A_3;X_3;0,1;3;0.047516;0.952484