target_variable;parents;target_values;X_4(parent_1);A_4=0;A_4=1
A_4;X_4;0,1;0;0.793155;0.206845
A_4;X_4;0,1;1;0.606998;0.393002
A_4;X_4;0,1;2;0.265060;0.734940
A_4;X_4;0,1;3;0.113678;0.886322