target_variable;parents;target_values;X_5(parent_1);A_5=0;A_5=1
A_5;X_5;0,1;0;0.884033;0.115967
A_5;X_5;0,1;1;0.629536;0.370464
A_5;X_5;0,1;2;0.296673;0.703327
A_5;X_5;0,1;3;0.064468;0.935532