target_variable;parents;target_values;X_1(parent_1);D_1=0;D_1=1
D_1;X_1;0,1;0;0.795444;0.204556
D_1;X_1;0,1;1;0.508764;0.491236
D_1;X_1;0,1;2;0.187244;0.812756
D_1;X_1;0,1;3;0.706065;0.293935