target_variable;parents;target_values;X_2(parent_1);D_2=0;D_2=1
D_2;X_2;0,1;0;0.734197;0.265803
D_2;X_2;0,1;1;0.443722;0.556278
D_2;X_2;0,1;2;0.166464;0.833536
D_2;X_2;0,1;3;0.660988;0.339012