target_variable;parents;target_values;X_3(parent_1);D_3=0;D_3=1
D_3;X_3;0,1;0;0.760774;0.239226
D_3;X_3;0,1;1;0.483199;0.516801
D_3;X_3;0,1;2;0.179940;0.820060
D_3;X_3;0,1;3;0.685611;0.314389