target_variable;parents;target_values;X_4(parent_1);D_4=0;D_4=1
D_4;X_4;0,1;0;0.764208;0.235792
D_4;X_4;0,1;1;0.471877;0.528123
D_4;X_4;0,1;2;0.180608;0.819392
D_4;X_4;0,1;3;0.653540;0.346460