target_variable;parents;target_values;X_5(parent_1);D_5=0;D_5=1
D_5;X_5;0,1;0;0.794712;0.205288
D_5;X_5;0,1;1;0.487227;0.512773
D_5;X_5;0,1;2;0.192470;0.807530
D_5;X_5;0,1;3;0.676788;0.323212