target_variable;parents;target_values;X_1(parent_1);X_2=0;X_2=1;X_2=2;X_2=3
X_2;X_1;0,1,2,3;0;0.768511;0.178878;0.042089;0.010522
X_2;X_1;0,1,2,3;1;0.548038;0.301308;0.130567;0.020087
X_2;X_1;0,1,2,3;2;0.251780;0.466227;0.201424;0.080569
X_2;X_1;0,1,2,3;3;0.080574;0.322296;0.395694;0.201435