target_variable;parents;target_values;X_5(parent_1);A_5(parent_2);D_5(parent_3);X_5_t1=0;X_5_t1=1;X_5_t1=2;X_5_t1=3
X_5_t1;X_5,A_5,D_5;0,1,2,3;0;0;0;1.000000;0.000000;0.000000;0.000000
X_5_t1;X_5,A_5,D_5;0,1,2,3;0;0;1;1.000000;0.000000;0.000000;0.000000
X_5_t1;X_5,A_5,D_5;0,1,2,3;0;1;0;0.102330;0.590678;0.306991;0.000000
X_5_t1;X_5,A_5,D_5;0,1,2,3;0;1;1;0.787406;0.159445;0.053148;0.000000
X_5_t1;X_5,A_5,D_5;0,1,2,3;1;0;0;0.000000;1.000000;0.000000;0.000000
X_5_t1;X_5,A_5,D_5;0,1,2,3;1;0;1;0.400427;0.599573;0.000000;0.000000
X_5_t1;X_5,A_5,D_5;0,1,2,3;1;1;0;0.000000;0.109074;0.781852;0.109074
X_5_t1;X_5,A_5,D_5;0,1,2,3;1;1;1;0.196644;0.705034;0.098322;0.000000
X_5_t1;X_5,A_5,D_5;0,1,2,3;2;0;0;0.000000;0.000000;1.000000;0.000000
X_5_t1;X_5,A_5,D_5;0,1,2,3;2;0;1;0.049707;0.502932;0.447361;0.000000
X_5_t1;X_5,A_5,D_5;0,1,2,3;2;1;0;0.000000;0.000000;0.212085;0.787915
X_5_t1;X_5,A_5,D_5;0,1,2,3;2;1;1;0.000000;0.212670;0.734162;0.053168
X_5_t1;X_5,A_5,D_5;0,1,2,3;3;0;0;0.000000;0.000000;0.000000;1.000000
X_5_t1;X_5,A_5,D_5;0,1,2,3;3;0;1;0.000000;0.098643;0.704071;0.197286
X_5_t1;X_5,A_5,D_5;0,1,2,3;3;1;0;0.000000;0.000000;0.000000;1.000000
X_5_t1;X_5,A_5,D_5;0,1,2,3;3;1;1;0.000000;0.048894;0.608848;0.342258