target_variable;parents;target_values;X_4(parent_1);X_5=0;X_5=1;X_5=2;X_5=3
X_5;X_4;0,1,2,3;0;0.832105;0.130585;0.027982;0.009327
X_5;X_4;0,1,2,3;1;0.595438;0.273080;0.101141;0.030342
X_5;X_4;0,1,2,3;2;0.351184;0.349363;0.199636;0.099818
X_5;X_4;0,1,2,3;3;0.050639;0.253193;0.392336;0.303832