target_variable;parents;target_values;X_1(parent_1);Y_1=0;Y_1=1;Y_1=2;Y_1=3
Y_1;X_1;0,1,2,3;0;0.859962;0.140038;0.000000;0.000000
Y_1;X_1;0,1,2,3;1;0.054579;0.781682;0.163738;0.000000
Y_1;X_1;0,1,2,3;2;0.000000;0.095222;0.809557;0.095222
Y_1;X_1;0,1,2,3;3;0.000000;0.100693;0.697920;0.201387