target_variable;parents;target_values;X_2(parent_1);Y_2=0;Y_2=1;Y_2=2;Y_2=3
Y_2;X_2;0,1,2,3;0;0.828534;0.171466;0.000000;0.000000
Y_2;X_2;0,1,2,3;1;0.054668;0.808661;0.136671;0.000000
Y_2;X_2;0,1,2,3;2;0.000000;0.118874;0.782064;0.099062
Y_2;X_2;0,1,2,3;3;0.000000;0.100998;0.676808;0.222195