target_variable;parents;target_values;X_3(parent_1);Y_3=0;Y_3=1;Y_3=2;Y_3=3
Y_3;X_3;0,1,2,3;0;0.840593;0.159407;0.000000;0.000000
Y_3;X_3;0,1,2,3;1;0.082941;0.761544;0.155514;0.000000
Y_3;X_3;0,1,2,3;2;0.000000;0.132747;0.772434;0.094819
Y_3;X_3;0,1,2,3;3;0.000000;0.100680;0.687894;0.211427