target_variable;parents;target_values;X_4(parent_1);Y_4=0;Y_4=1;Y_4=2;Y_4=3
Y_4;X_4;0,1,2,3;0;0.834156;0.165844;0.000000;0.000000
Y_4;X_4;0,1,2,3;1;0.067661;0.787353;0.144987;0.000000
Y_4;X_4;0,1,2,3;2;0.000000;0.157835;0.736942;0.105223
Y_4;X_4;0,1,2,3;3;0.000000;0.098650;0.713915;0.187435