target_variable;parents;target_values;X_5(parent_1);Y_5=0;Y_5=1;Y_5=2;Y_5=3
Y_5;X_5;0,1,2,3;0;0.811966;0.188034;0.000000;0.000000
Y_5;X_5;0,1,2,3;1;0.086908;0.768247;0.144846;0.000000
Y_5;X_5;0,1,2,3;2;0.000000;0.150659;0.755179;0.094162
Y_5;X_5;0,1,2,3;3;0.000000;0.097386;0.727320;0.175294