target_variable;parents;target_values;X_2(parent_1);Z_2=0;Z_2=1;Z_2=2;Z_2=3
Z_2;X_2;0,1,2,3;0;0.989648;0.010352;0.000000;0.000000
Z_2;X_2;0,1,2,3;1;0.011589;0.976822;0.011589;0.000000
Z_2;X_2;0,1,2,3;2;0.000000;0.049475;0.950525;0.000000
Z_2;X_2;0,1,2,3;3;0.000000;0.000000;0.000000;1.000000