target_variable;parents;target_values;X_4(parent_1);Z_4=0;Z_4=1;Z_4=2;Z_4=3
Z_4;X_4;0,1,2,3;0;0.968743;0.031257;0.000000;0.000000
Z_4;X_4;0,1,2,3;1;0.043075;0.928208;0.028717;0.000000
Z_4;X_4;0,1,2,3;2;0.000000;0.010227;0.989773;0.000000
Z_4;X_4;0,1,2,3;3;0.000000;0.000000;0.000000;1.000000