target_variable;parents;target_values;X_5(parent_1);Z_5=0;Z_5=1;Z_5=2;Z_5=3
Z_5;X_5;0,1,2,3;0;0.985936;0.014064;0.000000;0.000000
Z_5;X_5;0,1,2,3;1;0.026363;0.947275;0.026363;0.000000
Z_5;X_5;0,1,2,3;2;0.000000;0.031543;0.968457;0.000000
Z_5;X_5;0,1,2,3;3;0.000000;0.000000;0.000000;1.000000