target_variable;parents;target_values;X_6(parent_1);Z_6=0;Z_6=1;Z_6=2;Z_6=3
Z_6;X_6;0,1,2,3;0;0.973785;0.026215;0.000000;0.000000
Z_6;X_6;0,1,2,3;1;0.026273;0.956211;0.017516;0.000000
Z_6;X_6;0,1,2,3;2;0.000000;0.029966;0.970034;0.000000
Z_6;X_6;0,1,2,3;3;0.000000;0.000000;0.000000;1.000000