target_variable;parents;target_values;X_1(parent_1);A_1=0;A_1=1
A_1;X_1;0,1;0;0.768242;0.231758
A_1;X_1;0,1;1;0.804020;0.195980
A_1;X_1;0,1;2;0.310155;0.689845
A_1;X_1;0,1;3;0.226573;0.773427