target_variable;parents;target_values;X_2(parent_1);A_2=0;A_2=1
A_2;X_2;0,1;0;0.730032;0.269968
A_2;X_2;0,1;1;0.564389;0.435611
A_2;X_2;0,1;2;0.446820;0.553180
A_2;X_2;0,1;3;0.181661;0.818339