target_variable;parents;target_values;X_3(parent_1);A_3=0;A_3=1
A_3;X_3;0,1;0;0.900000;0.100000
A_3;X_3;0,1;1;0.803867;0.196133
A_3;X_3;0,1;2;0.397606;0.602394
A_3;X_3;0,1;3;0.191402;0.808598