target_variable;parents;target_values;X_4(parent_1);A_4=0;A_4=1
A_4;X_4;0,1;0;0.910192;0.089808
A_4;X_4;0,1;1;0.512191;0.487809
A_4;X_4;0,1;2;0.350329;0.649671
A_4;X_4;0,1;3;0.100000;0.900000