target_variable;parents;target_values;X_1(parent_1);D_1=0;D_1=1
D_1;X_1;0,1;0;0.907005;0.092995
D_1;X_1;0,1;1;0.564142;0.435858
D_1;X_1;0,1;2;0.303672;0.696328
D_1;X_1;0,1;3;0.787647;0.212353