target_variable;parents;target_values;X_2(parent_1);D_2=0;D_2=1
D_2;X_2;0,1;0;0.855882;0.144118
D_2;X_2;0,1;1;0.532141;0.467859
D_2;X_2;0,1;2;0.273584;0.726416
D_2;X_2;0,1;3;0.739765;0.260235