target_variable;parents;target_values;X_3(parent_1);D_3=0;D_3=1
D_3;X_3;0,1;0;0.670784;0.329216
D_3;X_3;0,1;1;0.411063;0.588937
D_3;X_3;0,1;2;0.075750;0.924250
D_3;X_3;0,1;3;0.778386;0.221614