target_variable;parents;target_values;X_4(parent_1);D_4=0;D_4=1
D_4;X_4;0,1;0;0.672378;0.327622
D_4;X_4;0,1;1;0.398188;0.601812
D_4;X_4;0,1;2;0.286042;0.713958
D_4;X_4;0,1;3;0.570067;0.429933