target_variable;parents;target_values;X_5(parent_1);D_5=0;D_5=1
D_5;X_5;0,1;0;0.892898;0.107102
D_5;X_5;0,1;1;0.564737;0.435263
D_5;X_5;0,1;2;0.084671;0.915329
D_5;X_5;0,1;3;0.591478;0.408522