target_variable;parents;target_values;X_1(parent_1);X_2=0;X_2=1;X_2=2;X_2=3
X_2;X_1;0,1,2,3;0;0.665242;0.258676;0.060865;0.015216
X_2;X_1;0,1,2,3;1;0.479076;0.347283;0.150489;0.023152
X_2;X_1;0,1,2,3;2;0.282127;0.401891;0.225701;0.090281
X_2;X_1;0,1,2,3;3;0.072829;0.291316;0.453783;0.182072