target_variable;parents;target_values;X_2(parent_1);A_2(parent_2);D_2(parent_3);X_2_t1=0;X_2_t1=1;X_2_t1=2;X_2_t1=3
X_2_t1;X_2,A_2,D_2;0,1,2,3;0;0;0;1.000000;0.000000;0.000000;0.000000
X_2_t1;X_2,A_2,D_2;0,1,2,3;0;0;1;1.000000;0.000000;0.000000;0.000000
X_2_t1;X_2,A_2,D_2;0,1,2,3;0;1;0;0.155826;0.688348;0.155826;0.000000
X_2_t1;X_2,A_2,D_2;0,1,2,3;0;1;1;0.602761;0.331032;0.066206;0.000000
X_2_t1;X_2,A_2,D_2;0,1,2,3;1;0;0;0.000000;1.000000;0.000000;0.000000
X_2_t1;X_2,A_2,D_2;0,1,2,3;1;0;1;0.567932;0.432068;0.000000;0.000000
X_2_t1;X_2,A_2,D_2;0,1,2,3;1;1;0;0.000000;0.261384;0.607924;0.130692
X_2_t1;X_2,A_2,D_2;0,1,2,3;1;1;1;0.260273;0.566211;0.173515;0.000000
X_2_t1;X_2,A_2,D_2;0,1,2,3;2;0;0;0.000000;0.000000;1.000000;0.000000
X_2_t1;X_2,A_2,D_2;0,1,2,3;2;0;1;0.079601;0.681596;0.238803;0.000000
X_2_t1;X_2,A_2,D_2;0,1,2,3;2;1;0;0.000000;0.000000;0.393353;0.606647
X_2_t1;X_2,A_2,D_2;0,1,2,3;2;1;1;0.000000;0.363168;0.515776;0.121056
X_2_t1;X_2,A_2,D_2;0,1,2,3;3;0;0;0.000000;0.000000;0.000000;1.000000
X_2_t1;X_2,A_2,D_2;0,1,2,3;3;0;1;0.000000;0.137263;0.794106;0.068631
X_2_t1;X_2,A_2,D_2;0,1,2,3;3;1;0;0.000000;0.000000;0.000000;1.000000
X_2_t1;X_2,A_2,D_2;0,1,2,3;3;1;1;0.000000;0.080115;0.679540;0.240345