target_variable;parents;target_values;X_4(parent_1);A_4(parent_2);D_4(parent_3);X_4_t1=0;X_4_t1=1;X_4_t1=2;X_4_t1=3
X_4_t1;X_4,A_4,D_4;0,1,2,3;0;0;0;1.000000;0.000000;0.000000;0.000000
X_4_t1;X_4,A_4,D_4;0,1,2,3;0;0;1;1.000000;0.000000;0.000000;0.000000
X_4_t1;X_4,A_4,D_4;0,1,2,3;0;1;0;0.195261;0.609479;0.195261;0.000000
X_4_t1;X_4,A_4,D_4;0,1,2,3;0;1;1;0.733139;0.177907;0.088954;0.000000
X_4_t1;X_4,A_4,D_4;0,1,2,3;1;0;0;0.000000;1.000000;0.000000;0.000000
X_4_t1;X_4,A_4,D_4;0,1,2,3;1;0;1;0.436163;0.563837;0.000000;0.000000
X_4_t1;X_4,A_4,D_4;0,1,2,3;1;1;0;0.000000;0.211086;0.648190;0.140724
X_4_t1;X_4,A_4,D_4;0,1,2,3;1;1;1;0.311237;0.564269;0.124495;0.000000
X_4_t1;X_4,A_4,D_4;0,1,2,3;2;0;0;0.000000;0.000000;1.000000;0.000000
X_4_t1;X_4,A_4,D_4;0,1,2,3;2;0;1;0.118996;0.524015;0.356989;0.000000
X_4_t1;X_4,A_4,D_4;0,1,2,3;2;1;0;0.000000;0.000000;0.152765;0.847235
X_4_t1;X_4,A_4,D_4;0,1,2,3;2;1;1;0.000000;0.311434;0.563992;0.124574
X_4_t1;X_4,A_4,D_4;0,1,2,3;3;0;0;0.000000;0.000000;0.000000;1.000000
X_4_t1;X_4,A_4,D_4;0,1,2,3;3;0;1;0.000000;0.188440;0.560306;0.251254
X_4_t1;X_4,A_4,D_4;0,1,2,3;3;1;0;0.000000;0.000000;0.000000;1.000000
X_4_t1;X_4,A_4,D_4;0,1,2,3;3;1;1;0.000000;0.084508;0.619712;0.295779