target_variable;parents;target_values;X_4(parent_1);X_5=0;X_5=1;X_5=2;X_5=3
X_5;X_4;0,1,2,3;0;0.927979;0.056016;0.012004;0.004001
X_5;X_4;0,1,2,3;1;0.517436;0.325731;0.120641;0.036192
X_5;X_4;0,1,2,3;2;0.301257;0.376246;0.214998;0.107499
X_5;X_4;0,1,2,3;3;0.045352;0.226762;0.455770;0.272115