target_variable;parents;target_values;X_6(parent_1);X_6_t1=0;X_6_t1=1;X_6_t1=2;X_6_t1=3
X_6_t1;X_6;0,1,2,3;0;1.000000;0.000000;0.000000;0.000000
X_6_t1;X_6;0,1,2,3;1;0.000000;1.000000;0.000000;0.000000
X_6_t1;X_6;0,1,2,3;2;0.000000;0.000000;1.000000;0.000000
X_6_t1;X_6;0,1,2,3;3;0.000000;0.000000;0.000000;1.000000