target_variable;parents;target_values;X_1(parent_1);Y_1=0;Y_1=1;Y_1=2;Y_1=3
Y_1;X_1;0,1,2,3;0;0.734093;0.265907;0.000000;0.000000
Y_1;X_1;0,1,2,3;1;0.024574;0.901704;0.073722;0.000000
Y_1;X_1;0,1,2,3;2;0.000000;0.043287;0.913427;0.043287
Y_1;X_1;0,1,2,3;3;0.000000;0.069547;0.791360;0.139093