target_variable;parents;target_values;X_2(parent_1);Y_2=0;Y_2=1;Y_2=2;Y_2=3
Y_2;X_2;0,1,2,3;0;0.953307;0.046693;0.000000;0.000000
Y_2;X_2;0,1,2,3;1;0.027070;0.905255;0.067675;0.000000
Y_2;X_2;0,1,2,3;2;0.000000;0.064143;0.882405;0.053452
Y_2;X_2;0,1,2,3;3;0.000000;0.073151;0.765916;0.160933