target_variable;parents;target_values;X_3(parent_1);Y_3=0;Y_3=1;Y_3=2;Y_3=3
Y_3;X_3;0,1,2,3;0;0.936267;0.063733;0.000000;0.000000
Y_3;X_3;0,1,2,3;1;0.042426;0.878026;0.079548;0.000000
Y_3;X_3;0,1,2,3;2;0.000000;0.076417;0.869000;0.054583
Y_3;X_3;0,1,2,3;3;0.000000;0.070178;0.782449;0.147373