target_variable;parents;target_values;X_4(parent_1);Y_4=0;Y_4=1;Y_4=2;Y_4=3
Y_4;X_4;0,1,2,3;0;0.713092;0.286908;0.000000;0.000000
Y_4;X_4;0,1,2,3;1;0.103077;0.676044;0.220879;0.000000
Y_4;X_4;0,1,2,3;2;0.000000;0.092760;0.845401;0.061840
Y_4;X_4;0,1,2,3;3;0.000000;0.065117;0.811162;0.123722