target_variable;parents;target_values;X_5(parent_1);Y_5=0;Y_5=1;Y_5=2;Y_5=3
Y_5;X_5;0,1,2,3;0;0.923584;0.076416;0.000000;0.000000
Y_5;X_5;0,1,2,3;1;0.051619;0.862350;0.086031;0.000000
Y_5;X_5;0,1,2,3;2;0.000000;0.093431;0.848175;0.058394
Y_5;X_5;0,1,2,3;3;0.000000;0.134175;0.624311;0.241515