target_variable;parents;target_values;X_1(parent_1);A_1=0;A_1=1
A_1;X_1;0,1;0;0.900000;0.100000
A_1;X_1;0,1;1;0.599322;0.400678
A_1;X_1;0,1;2;0.484909;0.515091
A_1;X_1;0,1;3;0.100000;0.900000