target_variable;parents;target_values;X_2(parent_1);A_2=0;A_2=1
A_2;X_2;0,1;0;0.959030;0.040970
A_2;X_2;0,1;1;0.735377;0.264623
A_2;X_2;0,1;2;0.444579;0.555421
A_2;X_2;0,1;3;0.168830;0.831170