target_variable;parents;target_values;X_4(parent_1);A_4=0;A_4=1
A_4;X_4;0,1;0;0.695345;0.304655
A_4;X_4;0,1;1;0.687902;0.312098
A_4;X_4;0,1;2;0.144045;0.855955
A_4;X_4;0,1;3;0.216060;0.783940