target_variable;parents;target_values;X_5(parent_1);A_5=0;A_5=1
A_5;X_5;0,1;0;0.992413;0.007587
A_5;X_5;0,1;1;0.702586;0.297414
A_5;X_5;0,1;2;0.385937;0.614063
A_5;X_5;0,1;3;0.070000;0.930000