target_variable;parents;target_values;X_1(parent_1);D_1=0;D_1=1
D_1;X_1;0,1;0;0.690035;0.309965
D_1;X_1;0,1;1;0.573410;0.426590
D_1;X_1;0,1;2;0.091627;0.908373
D_1;X_1;0,1;3;0.600988;0.399012