target_variable;parents;target_values;X_2(parent_1);D_2=0;D_2=1
D_2;X_2;0,1;0;0.849166;0.150834
D_2;X_2;0,1;1;0.373183;0.626817
D_2;X_2;0,1;2;0.267539;0.732461
D_2;X_2;0,1;3;0.566011;0.433989