target_variable;parents;target_values;X_3(parent_1);D_3=0;D_3=1
D_3;X_3;0,1;0;0.671616;0.328384
D_3;X_3;0,1;1;0.546991;0.453009
D_3;X_3;0,1;2;0.295017;0.704983
D_3;X_3;0,1;3;0.587267;0.412733