target_variable;parents;target_values;X_4(parent_1);D_4=0;D_4=1
D_4;X_4;0,1;0;0.668147;0.331853
D_4;X_4;0,1;1;0.390576;0.609424
D_4;X_4;0,1;2;0.056491;0.943509
D_4;X_4;0,1;3;0.768197;0.231803