target_variable;parents;target_values;X_5(parent_1);D_5=0;D_5=1
D_5;X_5;0,1;0;0.899020;0.100980
D_5;X_5;0,1;1;0.425255;0.574745
D_5;X_5;0,1;2;0.303457;0.696543
D_5;X_5;0,1;3;0.593672;0.406328