target_variable;parents;target_values;X_1(parent_1);X_2=0;X_2=1;X_2=2;X_2=3
X_2;X_1;0,1,2,3;0;0.896157;0.080242;0.018881;0.004720
X_2;X_1;0,1,2,3;1;0.479328;0.347115;0.150416;0.023141
X_2;X_1;0,1,2,3;2;0.218301;0.537202;0.174641;0.069856
X_2;X_1;0,1,2,3;3;0.086889;0.347554;0.348336;0.217221