target_variable;parents;target_values;X_4(parent_1);X_5=0;X_5=1;X_5=2;X_5=3
X_5;X_4;0,1,2,3;0;0.711222;0.224605;0.048130;0.016043
X_5;X_4;0,1,2,3;1;0.521171;0.323210;0.119707;0.035912
X_5;X_4;0,1,2,3;2;0.396955;0.324716;0.185552;0.092776
X_5;X_4;0,1,2,3;3;0.054841;0.274204;0.341911;0.329045