target_variable;parents;target_values;X_5(parent_1);A_5(parent_2);D_5(parent_3);X_5_t1=0;X_5_t1=1;X_5_t1=2;X_5_t1=3
X_5_t1;X_5,A_5,D_5;0,1,2,3;0;0;0;1.000000;0.000000;0.000000;0.000000
X_5_t1;X_5,A_5,D_5;0,1,2,3;0;0;1;1.000000;0.000000;0.000000;0.000000
X_5_t1;X_5,A_5,D_5;0,1,2,3;0;1;0;0.121413;0.514346;0.364240;0.000000
X_5_t1;X_5,A_5,D_5;0,1,2,3;0;1;1;0.918009;0.061493;0.020498;0.000000
X_5_t1;X_5,A_5,D_5;0,1,2,3;1;0;0;0.000000;1.000000;0.000000;0.000000
X_5_t1;X_5,A_5,D_5;0,1,2,3;1;0;1;0.486139;0.513861;0.000000;0.000000
X_5_t1;X_5,A_5,D_5;0,1,2,3;1;1;0;0.000000;0.154213;0.691575;0.154213
X_5_t1;X_5,A_5,D_5;0,1,2,3;1;1;1;0.140617;0.789075;0.070308;0.000000
X_5_t1;X_5,A_5,D_5;0,1,2,3;2;0;0;0.000000;0.000000;1.000000;0.000000
X_5_t1;X_5,A_5,D_5;0,1,2,3;2;0;1;0.056318;0.436818;0.506864;0.000000
X_5_t1;X_5,A_5,D_5;0,1,2,3;2;1;0;0.000000;0.000000;0.317566;0.682434
X_5_t1;X_5,A_5,D_5;0,1,2,3;2;1;1;0.000000;0.279728;0.650341;0.069932
X_5_t1;X_5,A_5,D_5;0,1,2,3;3;0;0;0.000000;0.000000;0.000000;1.000000
X_5_t1;X_5,A_5,D_5;0,1,2,3;3;0;1;0.000000;0.132368;0.602895;0.264736
X_5_t1;X_5,A_5,D_5;0,1,2,3;3;1;0;0.000000;0.000000;0.000000;1.000000
X_5_t1;X_5,A_5,D_5;0,1,2,3;3;1;1;0.000000;0.040485;0.676117;0.283398