target_variable;parents;target_values;X_1(parent_1);Y_1=0;Y_1=1;Y_1=2;Y_1=3
Y_1;X_1;0,1,2,3;0;0.738137;0.261863;0.000000;0.000000
Y_1;X_1;0,1,2,3;1;0.023662;0.905351;0.070987;0.000000
Y_1;X_1;0,1,2,3;2;0.000000;0.043006;0.913987;0.043006
Y_1;X_1;0,1,2,3;3;0.000000;0.068858;0.793426;0.137716