target_variable;parents;target_values;X_2(parent_1);Y_2=0;Y_2=1;Y_2=2;Y_2=3
Y_2;X_2;0,1,2,3;0;0.952436;0.047564;0.000000;0.000000
Y_2;X_2;0,1,2,3;1;0.091898;0.678358;0.229745;0.000000
Y_2;X_2;0,1,2,3;2;0.000000;0.175109;0.678967;0.145924
Y_2;X_2;0,1,2,3;3;0.000000;0.071291;0.771869;0.156840