target_variable;parents;target_values;X_3(parent_1);Y_3=0;Y_3=1;Y_3=2;Y_3=3
Y_3;X_3;0,1,2,3;0;0.936465;0.063535;0.000000;0.000000
Y_3;X_3;0,1,2,3;1;0.115166;0.668899;0.215936;0.000000
Y_3;X_3;0,1,2,3;2;0.000000;0.083082;0.857574;0.059344
Y_3;X_3;0,1,2,3;3;0.000000;0.066962;0.792418;0.140620