target_variable;parents;target_values;X_4(parent_1);Y_4=0;Y_4=1;Y_4=2;Y_4=3
Y_4;X_4;0,1,2,3;0;0.713861;0.286139;0.000000;0.000000
Y_4;X_4;0,1,2,3;1;0.102436;0.678060;0.219505;0.000000
Y_4;X_4;0,1,2,3;2;0.000000;0.086277;0.856205;0.057518
Y_4;X_4;0,1,2,3;3;0.000000;0.131986;0.617240;0.250774