target_variable;parents;target_values;X_5(parent_1);Y_5=0;Y_5=1;Y_5=2;Y_5=3
Y_5;X_5;0,1,2,3;0;0.707508;0.292492;0.000000;0.000000
Y_5;X_5;0,1,2,3;1;0.048788;0.869898;0.081313;0.000000
Y_5;X_5;0,1,2,3;2;0.000000;0.218480;0.644971;0.136550
Y_5;X_5;0,1,2,3;3;0.000000;0.133809;0.625335;0.240856