target_variable;parents;target_values;X_1(parent_1);A_1=0;A_1=1
A_1;X_1;0,1;0;0.977486;0.022514
A_1;X_1;0,1;1;0.757801;0.242199
A_1;X_1;0,1;2;0.352138;0.647862
A_1;X_1;0,1;3;0.015944;0.984056