target_variable;parents;target_values;X_2(parent_1);A_2=0;A_2=1
A_2;X_2;0,1;0;0.780001;0.219999
A_2;X_2;0,1;1;0.706246;0.293754
A_2;X_2;0,1;2;0.412401;0.587599
A_2;X_2;0,1;3;0.050000;0.950000