target_variable;parents;target_values;X_3(parent_1);A_3=0;A_3=1
A_3;X_3;0,1;0;0.825240;0.174760
A_3;X_3;0,1;1;0.764992;0.235008
A_3;X_3;0,1;2;0.364421;0.635579
A_3;X_3;0,1;3;0.126036;0.873964