target_variable;parents;target_values;X_4(parent_1);A_4=0;A_4=1
A_4;X_4;0,1;0;0.723672;0.276328
A_4;X_4;0,1;1;0.541800;0.458200
A_4;X_4;0,1;2;0.187633;0.812367
A_4;X_4;0,1;3;0.025016;0.974984