target_variable;parents;target_values;X_5(parent_1);A_5=0;A_5=1
A_5;X_5;0,1;0;0.800338;0.199662
A_5;X_5;0,1;1;0.672018;0.327982
A_5;X_5;0,1;2;0.339998;0.660002
A_5;X_5;0,1;3;0.153297;0.846703