target_variable;parents;target_values;X_1(parent_1);D_1=0;D_1=1
D_1;X_1;0,1;0;0.725357;0.274643
D_1;X_1;0,1;1;0.456744;0.543256
D_1;X_1;0,1;2;0.264390;0.735610
D_1;X_1;0,1;3;0.644361;0.355639