target_variable;parents;target_values;X_2(parent_1);D_2=0;D_2=1
D_2;X_2;0,1;0;0.824454;0.175546
D_2;X_2;0,1;1;0.400066;0.599934
D_2;X_2;0,1;2;0.072771;0.927229
D_2;X_2;0,1;3;0.596030;0.403970