target_variable;parents;target_values;X_3(parent_1);D_3=0;D_3=1
D_3;X_3;0,1;0;0.706319;0.293681
D_3;X_3;0,1;1;0.523457;0.476543
D_3;X_3;0,1;2;0.247358;0.752642
D_3;X_3;0,1;3;0.612940;0.387060