target_variable;parents;target_values;X_4(parent_1);D_4=0;D_4=1
D_4;X_4;0,1;0;0.708576;0.291424
D_4;X_4;0,1;1;0.427843;0.572157
D_4;X_4;0,1;2;0.243122;0.756878
D_4;X_4;0,1;3;0.614511;0.385489