target_variable;parents;target_values;X_5(parent_1);D_5=0;D_5=1
D_5;X_5;0,1;0;0.726035;0.273965
D_5;X_5;0,1;1;0.442654;0.557346
D_5;X_5;0,1;2;0.116982;0.883018
D_5;X_5;0,1;3;0.636955;0.363045