target_variable;parents;target_values;X_1(parent_1);X_2=0;X_2=1;X_2=2;X_2=3
X_2;X_1;0,1,2,3;0;0.838505;0.124791;0.029363;0.007341
X_2;X_1;0,1,2,3;1;0.600830;0.266113;0.115316;0.017741
X_2;X_1;0,1,2,3;2;0.233259;0.505490;0.186608;0.074643
X_2;X_1;0,1,2,3;3;0.074895;0.299579;0.438290;0.187237