target_variable;parents;target_values;X_4(parent_1);X_5=0;X_5=1;X_5=2;X_5=3
X_5;X_4;0,1,2,3;0;0.741844;0.200788;0.043026;0.014342
X_5;X_4;0,1,2,3;1;0.553535;0.301364;0.111616;0.033485
X_5;X_4;0,1,2,3;2;0.377100;0.335407;0.191661;0.095831
X_5;X_4;0,1,2,3;3;0.053245;0.266226;0.361059;0.319471