target_variable;parents;target_values;X_1(parent_1);Y_1=0;Y_1=1;Y_1=2;Y_1=3
Y_1;X_1;0,1,2,3;0;0.779810;0.220190;0.000000;0.000000
Y_1;X_1;0,1,2,3;1;0.069261;0.722955;0.207784;0.000000
Y_1;X_1;0,1,2,3;2;0.000000;0.061182;0.877635;0.061182
Y_1;X_1;0,1,2,3;3;0.000000;0.122109;0.633673;0.244218