target_variable;parents;target_values;X_2(parent_1);Y_2=0;Y_2=1;Y_2=2;Y_2=3
Y_2;X_2;0,1,2,3;0;0.766298;0.233702;0.000000;0.000000
Y_2;X_2;0,1,2,3;1;0.077749;0.727880;0.194372;0.000000
Y_2;X_2;0,1,2,3;2;0.000000;0.081047;0.851415;0.067539
Y_2;X_2;0,1,2,3;3;0.000000;0.081540;0.739072;0.179388