target_variable;parents;target_values;X_3(parent_1);Y_3=0;Y_3=1;Y_3=2;Y_3=3
Y_3;X_3;0,1,2,3;0;0.766933;0.233067;0.000000;0.000000
Y_3;X_3;0,1,2,3;1;0.054012;0.844715;0.101273;0.000000
Y_3;X_3;0,1,2,3;2;0.000000;0.173326;0.702869;0.123805
Y_3;X_3;0,1,2,3;3;0.000000;0.079555;0.753379;0.167066