target_variable;parents;target_values;X_4(parent_1);Y_4=0;Y_4=1;Y_4=2;Y_4=3
Y_4;X_4;0,1,2,3;0;0.748763;0.251237;0.000000;0.000000
Y_4;X_4;0,1,2,3;1;0.050661;0.840780;0.108559;0.000000
Y_4;X_4;0,1,2,3;2;0.000000;0.111194;0.814677;0.074129
Y_4;X_4;0,1,2,3;3;0.000000;0.078479;0.772411;0.149110