target_variable;parents;target_values;X_5(parent_1);Y_5=0;Y_5=1;Y_5=2;Y_5=3
Y_5;X_5;0,1,2,3;0;0.876730;0.123270;0.000000;0.000000
Y_5;X_5;0,1,2,3;1;0.114457;0.694782;0.190761;0.000000
Y_5;X_5;0,1,2,3;2;0.000000;0.116282;0.811041;0.072677
Y_5;X_5;0,1,2,3;3;0.000000;0.076937;0.784577;0.138486