target_variable;parents;target_values;X_3(parent_1);Z_3=0;Z_3=1;Z_3=2;Z_3=3
Z_3;X_3;0,1,2,3;0;0.878638;0.121362;0.000000;0.000000
Z_3;X_3;0,1,2,3;1;0.030000;0.950000;0.020000;0.000000
Z_3;X_3;0,1,2,3;2;0.000000;0.115422;0.884578;0.000000
Z_3;X_3;0,1,2,3;3;0.000000;0.000000;0.000000;1.000000