target_variable;parents;target_values;X_5(parent_1);Z_5=0;Z_5=1;Z_5=2;Z_5=3
Z_5;X_5;0,1,2,3;0;0.891059;0.108941;0.000000;0.000000
Z_5;X_5;0,1,2,3;1;0.063335;0.873330;0.063335;0.000000
Z_5;X_5;0,1,2,3;2;0.000000;0.050000;0.950000;0.000000
Z_5;X_5;0,1,2,3;3;0.000000;0.000000;0.000000;1.000000