target_variable;parents;target_values;X_1(parent_1);A_1=0;A_1=1
A_1;X_1;0,1;0;0.782265;0.217735
A_1;X_1;0,1;1;0.603134;0.396866
A_1;X_1;0,1;2;0.484083;0.515917
A_1;X_1;0,1;3;0.214548;0.785452