target_variable;parents;target_values;X_2(parent_1);A_2=0;A_2=1
A_2;X_2;0,1;0;0.962044;0.037956
A_2;X_2;0,1;1;0.565285;0.434715
A_2;X_2;0,1;2;0.435020;0.564980
A_2;X_2;0,1;3;0.050000;0.950000