target_variable;parents;target_values;X_4(parent_1);A_4=0;A_4=1
A_4;X_4;0,1;0;0.690509;0.309491
A_4;X_4;0,1;1;0.686418;0.313582
A_4;X_4;0,1;2;0.351463;0.648537
A_4;X_4;0,1;3;0.100000;0.900000