target_variable;parents;target_values;X_5(parent_1);A_5=0;A_5=1
A_5;X_5;0,1;0;0.997156;0.002844
A_5;X_5;0,1;1;0.709741;0.290259
A_5;X_5;0,1;2;0.184866;0.815134
A_5;X_5;0,1;3;0.200309;0.799691