target_variable;parents;target_values;X_1(parent_1);D_1=0;D_1=1
D_1;X_1;0,1;0;0.692426;0.307574
D_1;X_1;0,1;1;0.565137;0.434863
D_1;X_1;0,1;2;0.306570;0.693430
D_1;X_1;0,1;3;0.791359;0.208641