target_variable;parents;target_values;X_2(parent_1);D_2=0;D_2=1
D_2;X_2;0,1;0;0.853512;0.146488
D_2;X_2;0,1;1;0.531296;0.468704
D_2;X_2;0,1;2;0.264843;0.735157
D_2;X_2;0,1;3;0.745565;0.254435