target_variable;parents;target_values;X_3(parent_1);D_3=0;D_3=1
D_3;X_3;0,1;0;0.680472;0.319528
D_3;X_3;0,1;1;0.405251;0.594749
D_3;X_3;0,1;2;0.064499;0.935501
D_3;X_3;0,1;3;0.580355;0.419645