target_variable;parents;target_values;X_4(parent_1);D_4=0;D_4=1
D_4;X_4;0,1;0;0.870221;0.129779
D_4;X_4;0,1;1;0.395603;0.604397
D_4;X_4;0,1;2;0.061205;0.938795
D_4;X_4;0,1;3;0.764644;0.235356