target_variable;parents;target_values;X_5(parent_1);D_5=0;D_5=1
D_5;X_5;0,1;0;0.908067;0.091933
D_5;X_5;0,1;1;0.420095;0.579905
D_5;X_5;0,1;2;0.073548;0.926452
D_5;X_5;0,1;3;0.600241;0.399759