target_variable;parents;target_values;X_1(parent_1);X_2=0;X_2=1;X_2=2;X_2=3
X_2;X_1;0,1,2,3;0;0.670130;0.254900;0.059976;0.014994
X_2;X_1;0,1,2,3;1;0.479583;0.346945;0.150343;0.023130
X_2;X_1;0,1,2,3;2;0.278120;0.410386;0.222496;0.088998
X_2;X_1;0,1,2,3;3;0.072356;0.289424;0.457330;0.180890