target_variable;parents;target_values;X_4(parent_1);A_4(parent_2);D_4(parent_3);X_4_t1=0;X_4_t1=1;X_4_t1=2;X_4_t1=3
X_4_t1;X_4,A_4,D_4;0,1,2,3;0;0;0;1.000000;0.000000;0.000000;0.000000
X_4_t1;X_4,A_4,D_4;0,1,2,3;0;0;1;1.000000;0.000000;0.000000;0.000000
X_4_t1;X_4,A_4,D_4;0,1,2,3;0;1;0;0.103088;0.793825;0.103088;0.000000
X_4_t1;X_4,A_4,D_4;0,1,2,3;0;1;1;0.972316;0.018456;0.009228;0.000000
X_4_t1;X_4,A_4,D_4;0,1,2,3;1;0;0;0.000000;1.000000;0.000000;0.000000
X_4_t1;X_4,A_4,D_4;0,1,2,3;1;0;1;0.434429;0.565571;0.000000;0.000000
X_4_t1;X_4,A_4,D_4;0,1,2,3;1;1;0;0.000000;0.214056;0.643241;0.142704
X_4_t1;X_4,A_4,D_4;0,1,2,3;1;1;1;0.308713;0.567802;0.123485;0.000000
X_4_t1;X_4,A_4,D_4;0,1,2,3;2;0;0;0.000000;0.000000;1.000000;0.000000
X_4_t1;X_4,A_4,D_4;0,1,2,3;2;0;1;0.081097;0.675613;0.243290;0.000000
X_4_t1;X_4,A_4,D_4;0,1,2,3;2;1;0;0.000000;0.000000;0.143611;0.856389
X_4_t1;X_4,A_4,D_4;0,1,2,3;2;1;1;0.000000;0.183195;0.743527;0.073278
X_4_t1;X_4,A_4,D_4;0,1,2,3;3;0;0;0.000000;0.000000;0.000000;1.000000
X_4_t1;X_4,A_4,D_4;0,1,2,3;3;0;1;0.000000;0.110882;0.741274;0.147843
X_4_t1;X_4,A_4,D_4;0,1,2,3;3;1;0;0.000000;0.000000;0.000000;1.000000
X_4_t1;X_4,A_4,D_4;0,1,2,3;3;1;1;0.000000;0.117545;0.471046;0.411408