target_variable;parents;target_values;X_4(parent_1);X_5=0;X_5=1;X_5=2;X_5=3
X_5;X_4;0,1,2,3;0;0.932478;0.052517;0.011254;0.003751
X_5;X_4;0,1,2,3;1;0.679180;0.216553;0.080205;0.024061
X_5;X_4;0,1,2,3;2;0.398277;0.324005;0.185146;0.092573
X_5;X_4;0,1,2,3;3;0.054986;0.274931;0.340166;0.329917