target_variable;parents;target_values;X_1(parent_1);Y_1=0;Y_1=1;Y_1=2;Y_1=3
Y_1;X_1;0,1,2,3;0;0.742932;0.257068;0.000000;0.000000
Y_1;X_1;0,1,2,3;1;0.079644;0.681425;0.238931;0.000000
Y_1;X_1;0,1,2,3;2;0.000000;0.154537;0.690926;0.154537
Y_1;X_1;0,1,2,3;3;0.000000;0.133196;0.600413;0.266391