target_variable;parents;target_values;X_2(parent_1);Y_2=0;Y_2=1;Y_2=2;Y_2=3
Y_2;X_2;0,1,2,3;0;0.955251;0.044749;0.000000;0.000000
Y_2;X_2;0,1,2,3;1;0.030075;0.894736;0.075188;0.000000
Y_2;X_2;0,1,2,3;2;0.000000;0.058222;0.893260;0.048518
Y_2;X_2;0,1,2,3;3;0.000000;0.128531;0.588702;0.282767