target_variable;parents;target_values;X_3(parent_1);Y_3=0;Y_3=1;Y_3=2;Y_3=3
Y_3;X_3;0,1,2,3;0;0.709408;0.290592;0.000000;0.000000
Y_3;X_3;0,1,2,3;1;0.114556;0.670651;0.214793;0.000000
Y_3;X_3;0,1,2,3;2;0.000000;0.204391;0.649616;0.145993
Y_3;X_3;0,1,2,3;3;0.000000;0.131169;0.593375;0.275456