target_variable;parents;target_values;X_4(parent_1);Y_4=0;Y_4=1;Y_4=2;Y_4=3
Y_4;X_4;0,1,2,3;0;0.717429;0.282571;0.000000;0.000000
Y_4;X_4;0,1,2,3;1;0.037683;0.881567;0.080750;0.000000
Y_4;X_4;0,1,2,3;2;0.000000;0.090086;0.849856;0.060057
Y_4;X_4;0,1,2,3;3;0.000000;0.064087;0.814148;0.121765