target_variable;parents;target_values;X_5(parent_1);Y_5=0;Y_5=1;Y_5=2;Y_5=3
Y_5;X_5;0,1,2,3;0;0.703064;0.296936;0.000000;0.000000
Y_5;X_5;0,1,2,3;1;0.049793;0.867219;0.082988;0.000000
Y_5;X_5;0,1,2,3;2;0.000000;0.223012;0.637606;0.139382
Y_5;X_5;0,1,2,3;3;0.000000;0.062834;0.824065;0.113101