target_variable;parents;target_values;X_1(parent_1);A_1=0;A_1=1
A_1;X_1;0,1;0;0.906512;0.093488
A_1;X_1;0,1;1;0.710721;0.289279
A_1;X_1;0,1;2;0.390553;0.609447
A_1;X_1;0,1;3;0.079154;0.920846