target_variable;parents;target_values;X_2(parent_1);A_2=0;A_2=1
A_2;X_2;0,1;0;0.862848;0.137152
A_2;X_2;0,1;1;0.664656;0.335344
A_2;X_2;0,1;2;0.350887;0.649113
A_2;X_2;0,1;3;0.051683;0.948317