target_variable;parents;target_values;X_3(parent_1);A_3=0;A_3=1
A_3;X_3;0,1;0;0.878516;0.121484
A_3;X_3;0,1;1;0.714495;0.285505
A_3;X_3;0,1;2;0.314131;0.685869
A_3;X_3;0,1;3;0.058507;0.941493