target_variable;parents;target_values;X_4(parent_1);A_4=0;A_4=1
A_4;X_4;0,1;0;0.801888;0.198112
A_4;X_4;0,1;1;0.613403;0.386597
A_4;X_4;0,1;2;0.246100;0.753900
A_4;X_4;0,1;3;0.082223;0.917777