target_variable;parents;target_values;X_5(parent_1);A_5=0;A_5=1
A_5;X_5;0,1;0;0.898502;0.101498
A_5;X_5;0,1;1;0.625105;0.374895
A_5;X_5;0,1;2;0.272035;0.727965
A_5;X_5;0,1;3;0.082694;0.917306