target_variable;parents;target_values;X_1(parent_1);D_1=0;D_1=1
D_1;X_1;0,1;0;0.803988;0.196012
D_1;X_1;0,1;1;0.489660;0.510340
D_1;X_1;0,1;2;0.204969;0.795031
D_1;X_1;0,1;3;0.714407;0.285593