target_variable;parents;target_values;X_2(parent_1);D_2=0;D_2=1
D_2;X_2;0,1;0;0.754879;0.245121
D_2;X_2;0,1;1;0.441340;0.558660
D_2;X_2;0,1;2;0.167992;0.832008
D_2;X_2;0,1;3;0.645699;0.354301