target_variable;parents;target_values;X_3(parent_1);D_3=0;D_3=1
D_3;X_3;0,1;0;0.793066;0.206934
D_3;X_3;0,1;1;0.485978;0.514022
D_3;X_3;0,1;2;0.179273;0.820727
D_3;X_3;0,1;3;0.681238;0.318762