target_variable;parents;target_values;X_4(parent_1);D_4=0;D_4=1
D_4;X_4;0,1;0;0.766020;0.233980
D_4;X_4;0,1;1;0.477439;0.522561
D_4;X_4;0,1;2;0.153028;0.846972
D_4;X_4;0,1;3;0.667928;0.332072