target_variable;parents;target_values;X_5(parent_1);D_5=0;D_5=1
D_5;X_5;0,1;0;0.787985;0.212015
D_5;X_5;0,1;1;0.482544;0.517456
D_5;X_5;0,1;2;0.173928;0.826072
D_5;X_5;0,1;3;0.682674;0.317326