target_variable;parents;target_values;X_1(parent_1);X_2=0;X_2=1;X_2=2;X_2=3
X_2;X_1;0,1,2,3;0;0.785854;0.165476;0.038936;0.009734
X_2;X_1;0,1,2,3;1;0.543823;0.304118;0.131785;0.020275
X_2;X_1;0,1,2,3;2;0.251877;0.466021;0.201501;0.080601
X_2;X_1;0,1,2,3;3;0.078983;0.315932;0.407628;0.197457