target_variable;parents;target_values;X_4(parent_1);X_5=0;X_5=1;X_5=2;X_5=3
X_5;X_4;0,1,2,3;0;0.818670;0.141035;0.030222;0.010074
X_5;X_4;0,1,2,3;1;0.588952;0.277457;0.102762;0.030829
X_5;X_4;0,1,2,3;2;0.354381;0.347641;0.198652;0.099326
X_5;X_4;0,1,2,3;3;0.050734;0.253672;0.391186;0.304407