target_variable;parents;target_values;X_1(parent_1);Y_1=0;Y_1=1;Y_1=2;Y_1=3
Y_1;X_1;0,1,2,3;0;0.835148;0.164852;0.000000;0.000000
Y_1;X_1;0,1,2,3;1;0.052435;0.790261;0.157304;0.000000
Y_1;X_1;0,1,2,3;2;0.000000;0.097667;0.804666;0.097667
Y_1;X_1;0,1,2,3;3;0.000000;0.098411;0.704768;0.196821