target_variable;parents;target_values;X_2(parent_1);Y_2=0;Y_2=1;Y_2=2;Y_2=3
Y_2;X_2;0,1,2,3;0;0.845963;0.154037;0.000000;0.000000
Y_2;X_2;0,1,2,3;1;0.059333;0.792335;0.148332;0.000000
Y_2;X_2;0,1,2,3;2;0.000000;0.126524;0.768039;0.105437
Y_2;X_2;0,1,2,3;3;0.000000;0.101278;0.675911;0.222811