target_variable;parents;target_values;X_3(parent_1);Y_3=0;Y_3=1;Y_3=2;Y_3=3
Y_3;X_3;0,1,2,3;0;0.814099;0.185901;0.000000;0.000000
Y_3;X_3;0,1,2,3;1;0.078454;0.774444;0.147102;0.000000
Y_3;X_3;0,1,2,3;2;0.000000;0.149434;0.743828;0.106738
Y_3;X_3;0,1,2,3;3;0.000000;0.099484;0.691599;0.208917