target_variable;parents;target_values;X_4(parent_1);Y_4=0;Y_4=1;Y_4=2;Y_4=3
Y_4;X_4;0,1,2,3;0;0.834439;0.165561;0.000000;0.000000
Y_4;X_4;0,1,2,3;1;0.066152;0.792094;0.141754;0.000000
Y_4;X_4;0,1,2,3;2;0.000000;0.155858;0.740236;0.103906
Y_4;X_4;0,1,2,3;3;0.000000;0.097520;0.717193;0.185287