target_variable;parents;target_values;X_5(parent_1);Y_5=0;Y_5=1;Y_5=2;Y_5=3
Y_5;X_5;0,1,2,3;0;0.820986;0.179014;0.000000;0.000000
Y_5;X_5;0,1,2,3;1;0.087720;0.766079;0.146201;0.000000
Y_5;X_5;0,1,2,3;2;0.000000;0.150881;0.754818;0.094301
Y_5;X_5;0,1,2,3;3;0.000000;0.101122;0.716859;0.182019