target_variable;parents;target_values;X_2(parent_1);Z_2=0;Z_2=1;Z_2=2;Z_2=3
Z_2;X_2;0,1,2,3;0;0.992219;0.007781;0.000000;0.000000
Z_2;X_2;0,1,2,3;1;0.030997;0.938006;0.030997;0.000000
Z_2;X_2;0,1,2,3;2;0.000000;0.050335;0.949665;0.000000
Z_2;X_2;0,1,2,3;3;0.000000;0.000000;0.000000;1.000000