target_variable;parents;target_values;X_3(parent_1);Z_3=0;Z_3=1;Z_3=2;Z_3=3
Z_3;X_3;0,1,2,3;0;0.943716;0.056284;0.000000;0.000000
Z_3;X_3;0,1,2,3;1;0.040256;0.932907;0.026837;0.000000
Z_3;X_3;0,1,2,3;2;0.000000;0.028661;0.971339;0.000000
Z_3;X_3;0,1,2,3;3;0.000000;0.000000;0.000000;1.000000