target_variable;parents;target_values;X_4(parent_1);Z_4=0;Z_4=1;Z_4=2;Z_4=3
Z_4;X_4;0,1,2,3;0;0.965823;0.034177;0.000000;0.000000
Z_4;X_4;0,1,2,3;1;0.038065;0.936558;0.025377;0.000000
Z_4;X_4;0,1,2,3;2;0.000000;0.017641;0.982359;0.000000
Z_4;X_4;0,1,2,3;3;0.000000;0.000000;0.000000;1.000000