target_variable;parents;target_values;X_5(parent_1);Z_5=0;Z_5=1;Z_5=2;Z_5=3
Z_5;X_5;0,1,2,3;0;0.980701;0.019299;0.000000;0.000000
Z_5;X_5;0,1,2,3;1;0.022956;0.954088;0.022956;0.000000
Z_5;X_5;0,1,2,3;2;0.000000;0.057759;0.942241;0.000000
Z_5;X_5;0,1,2,3;3;0.000000;0.000000;0.000000;1.000000