target_variable;parents;target_values;X_6(parent_1);Z_6=0;Z_6=1;Z_6=2;Z_6=3
Z_6;X_6;0,1,2,3;0;0.943132;0.056868;0.000000;0.000000
Z_6;X_6;0,1,2,3;1;0.018820;0.968633;0.012547;0.000000
Z_6;X_6;0,1,2,3;2;0.000000;0.010391;0.989609;0.000000
Z_6;X_6;0,1,2,3;3;0.000000;0.000000;0.000000;1.000000