target_variable;parents;target_values;X_7(parent_1);Z_7=0;Z_7=1;Z_7=2;Z_7=3
Z_7;X_7;0,1,2,3;0;0.950224;0.049776;0.000000;0.000000
Z_7;X_7;0,1,2,3;1;0.015686;0.968627;0.015686;0.000000
Z_7;X_7;0,1,2,3;2;0.000000;0.041892;0.958108;0.000000
Z_7;X_7;0,1,2,3;3;0.000000;0.000000;0.000000;1.000000