target_variable;parents;target_values;X_1(parent_1);A_1=0;A_1=1
A_1;X_1;0,1;0;0.979946;0.020054
A_1;X_1;0,1;1;0.645007;0.354993
A_1;X_1;0,1;2;0.457934;0.542066
A_1;X_1;0,1;3;0.025179;0.974821