target_variable;parents;target_values;X_2(parent_1);A_2=0;A_2=1
A_2;X_2;0,1;0;0.765389;0.234611
A_2;X_2;0,1;1;0.599840;0.400160
A_2;X_2;0,1;2;0.399619;0.600381
A_2;X_2;0,1;3;0.050000;0.950000