target_variable;parents;target_values;X_3(parent_1);A_3=0;A_3=1
A_3;X_3;0,1;0;0.968602;0.031398
A_3;X_3;0,1;1;0.643269;0.356731
A_3;X_3;0,1;2;0.239635;0.760365
A_3;X_3;0,1;3;0.050000;0.950000