target_variable;parents;target_values;X_4(parent_1);A_4=0;A_4=1
A_4;X_4;0,1;0;0.869649;0.130351
A_4;X_4;0,1;1;0.646209;0.353791
A_4;X_4;0,1;2;0.178034;0.821966
A_4;X_4;0,1;3;0.014920;0.985080