target_variable;parents;target_values;X_5(parent_1);A_5=0;A_5=1
A_5;X_5;0,1;0;0.953866;0.046134
A_5;X_5;0,1;1;0.667880;0.332120
A_5;X_5;0,1;2;0.336685;0.663315
A_5;X_5;0,1;3;0.070000;0.930000