target_variable;parents;target_values;X_1(parent_1);D_1=0;D_1=1
D_1;X_1;0,1;0;0.739975;0.260025
D_1;X_1;0,1;1;0.544814;0.455186
D_1;X_1;0,1;2;0.266849;0.733151
D_1;X_1;0,1;3;0.636518;0.363482