target_variable;parents;target_values;X_2(parent_1);D_2=0;D_2=1
D_2;X_2;0,1;0;0.681018;0.318982
D_2;X_2;0,1;1;0.405079;0.594921
D_2;X_2;0,1;2;0.227554;0.772446
D_2;X_2;0,1;3;0.589955;0.410045