target_variable;parents;target_values;X_3(parent_1);D_3=0;D_3=1
D_3;X_3;0,1;0;0.839208;0.160792
D_3;X_3;0,1;1;0.440980;0.559020
D_3;X_3;0,1;2;0.254312;0.745688
D_3;X_3;0,1;3;0.746988;0.253012