target_variable;parents;target_values;X_4(parent_1);D_4=0;D_4=1
D_4;X_4;0,1;0;0.697849;0.302151
D_4;X_4;0,1;1;0.428078;0.571922
D_4;X_4;0,1;2;0.233682;0.766318
D_4;X_4;0,1;3;0.609736;0.390264