target_variable;parents;target_values;X_5(parent_1);D_5=0;D_5=1
D_5;X_5;0,1;0;0.722660;0.277340
D_5;X_5;0,1;1;0.451622;0.548378
D_5;X_5;0,1;2;0.117881;0.882119
D_5;X_5;0,1;3;0.621977;0.378023