target_variable;parents;target_values;X_1(parent_1);X_2=0;X_2=1;X_2=2;X_2=3
X_2;X_1;0,1,2,3;0;0.854735;0.112251;0.026412;0.006603
X_2;X_1;0,1,2,3;1;0.498662;0.334225;0.144831;0.022282
X_2;X_1;0,1,2,3;2;0.267321;0.433280;0.213857;0.085543
X_2;X_1;0,1,2,3;3;0.084135;0.336540;0.368987;0.210338