target_variable;parents;target_values;X_3(parent_1);A_3(parent_2);D_3(parent_3);X_3_t1=0;X_3_t1=1;X_3_t1=2;X_3_t1=3
X_3_t1;X_3,A_3,D_3;0,1,2,3;0;0;0;1.000000;0.000000;0.000000;0.000000
X_3_t1;X_3,A_3,D_3;0,1,2,3;0;0;1;1.000000;0.000000;0.000000;0.000000
X_3_t1;X_3,A_3,D_3;0,1,2,3;0;1;0;0.122114;0.633658;0.244228;0.000000
X_3_t1;X_3,A_3,D_3;0,1,2,3;0;1;1;0.874823;0.093882;0.031294;0.000000
X_3_t1;X_3,A_3,D_3;0,1,2,3;1;0;0;0.000000;1.000000;0.000000;0.000000
X_3_t1;X_3,A_3,D_3;0,1,2,3;1;0;1;0.453663;0.546337;0.000000;0.000000
X_3_t1;X_3,A_3,D_3;0,1,2,3;1;1;0;0.000000;0.063781;0.872437;0.063781
X_3_t1;X_3,A_3,D_3;0,1,2,3;1;1;1;0.229573;0.540853;0.229573;0.000000
X_3_t1;X_3,A_3,D_3;0,1,2,3;2;0;0;0.000000;0.000000;1.000000;0.000000
X_3_t1;X_3,A_3,D_3;0,1,2,3;2;0;1;0.054509;0.454913;0.490578;0.000000
X_3_t1;X_3,A_3,D_3;0,1,2,3;2;1;0;0.000000;0.000000;0.270095;0.729905
X_3_t1;X_3,A_3,D_3;0,1,2,3;2;1;1;0.000000;0.244471;0.633293;0.122236
X_3_t1;X_3,A_3,D_3;0,1,2,3;3;0;0;0.000000;0.000000;0.000000;1.000000
X_3_t1;X_3,A_3,D_3;0,1,2,3;3;0;1;0.000000;0.113670;0.545321;0.341009
X_3_t1;X_3,A_3,D_3;0,1,2,3;3;1;0;0.000000;0.000000;0.000000;1.000000
X_3_t1;X_3,A_3,D_3;0,1,2,3;3;1;1;0.000000;0.046204;0.537960;0.415836