target_variable;parents;target_values;X_4(parent_1);X_5=0;X_5=1;X_5=2;X_5=3
X_5;X_4;0,1,2,3;0;0.745590;0.197875;0.042402;0.014134
X_5;X_4;0,1,2,3;1;0.658006;0.230846;0.085499;0.025650
X_5;X_4;0,1,2,3;2;0.381344;0.333122;0.190356;0.095178
X_5;X_4;0,1,2,3;3;0.053222;0.266108;0.361341;0.319330