target_variable;parents;target_values;X_1(parent_1);Y_1=0;Y_1=1;Y_1=2;Y_1=3
Y_1;X_1;0,1,2,3;0;0.767547;0.232453;0.000000;0.000000
Y_1;X_1;0,1,2,3;1;0.068393;0.726430;0.205178;0.000000
Y_1;X_1;0,1,2,3;2;0.000000;0.139574;0.720851;0.139574
Y_1;X_1;0,1,2,3;3;0.000000;0.123305;0.630084;0.246611