target_variable;parents;target_values;X_2(parent_1);Y_2=0;Y_2=1;Y_2=2;Y_2=3
Y_2;X_2;0,1,2,3;0;0.905308;0.094692;0.000000;0.000000
Y_2;X_2;0,1,2,3;1;0.080682;0.717613;0.201705;0.000000
Y_2;X_2;0,1,2,3;2;0.000000;0.159548;0.707496;0.132957
Y_2;X_2;0,1,2,3;3;0.000000;0.121047;0.612650;0.266303