target_variable;parents;target_values;X_4(parent_1);Y_4=0;Y_4=1;Y_4=2;Y_4=3
Y_4;X_4;0,1,2,3;0;0.889738;0.110262;0.000000;0.000000
Y_4;X_4;0,1,2,3;1;0.093523;0.706070;0.200407;0.000000
Y_4;X_4;0,1,2,3;2;0.000000;0.106832;0.821947;0.071221
Y_4;X_4;0,1,2,3;3;0.000000;0.076606;0.777843;0.145551