target_variable;parents;target_values;X_5(parent_1);Y_5=0;Y_5=1;Y_5=2;Y_5=3
Y_5;X_5;0,1,2,3;0;0.745201;0.254799;0.000000;0.000000
Y_5;X_5;0,1,2,3;1;0.068164;0.818230;0.113607;0.000000
Y_5;X_5;0,1,2,3;2;0.000000;0.198112;0.678068;0.123820
Y_5;X_5;0,1,2,3;3;0.000000;0.074430;0.791597;0.133973