target_variable;parents;target_values;X_4(parent_1);Z_4=0;Z_4=1;Z_4=2;Z_4=3
Z_4;X_4;0,1,2,3;0;0.867379;0.132621;0.000000;0.000000
Z_4;X_4;0,1,2,3;1;0.082346;0.862757;0.054897;0.000000
Z_4;X_4;0,1,2,3;2;0.000000;0.103552;0.896448;0.000000
Z_4;X_4;0,1,2,3;3;0.000000;0.000000;0.000000;1.000000