target_variable;parents;target_values;X_1(parent_1);A_1=0;A_1=1
A_1;X_1;0,1;0;0.857876;0.142124
A_1;X_1;0,1;1;0.728820;0.271180
A_1;X_1;0,1;2;0.378199;0.621801
A_1;X_1;0,1;3;0.061561;0.938439