target_variable;parents;target_values;X_2(parent_1);A_2=0;A_2=1
A_2;X_2;0,1;0;0.881595;0.118405
A_2;X_2;0,1;1;0.632861;0.367139
A_2;X_2;0,1;2;0.317770;0.682230
A_2;X_2;0,1;3;0.003438;0.996562