target_variable;parents;target_values;X_3(parent_1);A_3=0;A_3=1
A_3;X_3;0,1;0;0.862110;0.137890
A_3;X_3;0,1;1;0.733164;0.266836
A_3;X_3;0,1;2;0.319494;0.680506
A_3;X_3;0,1;3;0.009850;0.990150