target_variable;parents;target_values;X_4(parent_1);A_4=0;A_4=1
A_4;X_4;0,1;0;0.830862;0.169138
A_4;X_4;0,1;1;0.620526;0.379474
A_4;X_4;0,1;2;0.270364;0.729636
A_4;X_4;0,1;3;0.059256;0.940744