target_variable;parents;target_values;X_5(parent_1);A_5=0;A_5=1
A_5;X_5;0,1;0;0.856012;0.143988
A_5;X_5;0,1;1;0.645011;0.354989
A_5;X_5;0,1;2;0.258916;0.741084
A_5;X_5;0,1;3;0.116480;0.883520