target_variable;parents;target_values;X_1(parent_1);D_1=0;D_1=1
D_1;X_1;0,1;0;0.776210;0.223790
D_1;X_1;0,1;1;0.524297;0.475703
D_1;X_1;0,1;2;0.235544;0.764456
D_1;X_1;0,1;3;0.677764;0.322236