target_variable;parents;target_values;X_2(parent_1);D_2=0;D_2=1
D_2;X_2;0,1;0;0.725925;0.274075
D_2;X_2;0,1;1;0.431042;0.568958
D_2;X_2;0,1;2;0.113115;0.886885
D_2;X_2;0,1;3;0.630094;0.369906