target_variable;parents;target_values;X_3(parent_1);D_3=0;D_3=1
D_3;X_3;0,1;0;0.757280;0.242720
D_3;X_3;0,1;1;0.456161;0.543839
D_3;X_3;0,1;2;0.210901;0.789099
D_3;X_3;0,1;3;0.655641;0.344359