target_variable;parents;target_values;X_4(parent_1);D_4=0;D_4=1
D_4;X_4;0,1;0;0.747718;0.252282
D_4;X_4;0,1;1;0.445349;0.554651
D_4;X_4;0,1;2;0.137873;0.862127
D_4;X_4;0,1;3;0.701394;0.298606