target_variable;parents;target_values;X_5(parent_1);D_5=0;D_5=1
D_5;X_5;0,1;0;0.768665;0.231335
D_5;X_5;0,1;1;0.510502;0.489498
D_5;X_5;0,1;2;0.163491;0.836509
D_5;X_5;0,1;3;0.722419;0.277581