target_variable;parents;target_values;X_1(parent_1);X_2=0;X_2=1;X_2=2;X_2=3
X_2;X_1;0,1,2,3;0;0.804973;0.150703;0.035459;0.008865
X_2;X_1;0,1,2,3;1;0.530081;0.313279;0.135754;0.020885
X_2;X_1;0,1,2,3;2;0.239292;0.492701;0.191433;0.076573
X_2;X_1;0,1,2,3;3;0.077520;0.310078;0.418604;0.193799