target_variable;parents;target_values;X_2(parent_1);A_2(parent_2);D_2(parent_3);X_2_t1=0;X_2_t1=1;X_2_t1=2;X_2_t1=3
X_2_t1;X_2,A_2,D_2;0,1,2,3;0;0;0;1.000000;0.000000;0.000000;0.000000
X_2_t1;X_2,A_2,D_2;0,1,2,3;0;0;1;1.000000;0.000000;0.000000;0.000000
X_2_t1;X_2,A_2,D_2;0,1,2,3;0;1;0;0.185210;0.629580;0.185210;0.000000
X_2_t1;X_2,A_2,D_2;0,1,2,3;0;1;1;0.670339;0.274718;0.054944;0.000000
X_2_t1;X_2,A_2,D_2;0,1,2,3;1;0;0;0.000000;1.000000;0.000000;0.000000
X_2_t1;X_2,A_2,D_2;0,1,2,3;1;0;1;0.516967;0.483033;0.000000;0.000000
X_2_t1;X_2,A_2,D_2;0,1,2,3;1;1;0;0.000000;0.187804;0.718294;0.093902
X_2_t1;X_2,A_2,D_2;0,1,2,3;1;1;1;0.285998;0.523336;0.190665;0.000000
X_2_t1;X_2,A_2,D_2;0,1,2,3;2;0;0;0.000000;0.000000;1.000000;0.000000
X_2_t1;X_2,A_2,D_2;0,1,2,3;2;0;1;0.093569;0.625725;0.280706;0.000000
X_2_t1;X_2,A_2,D_2;0,1,2,3;2;1;0;0.000000;0.000000;0.318540;0.681460
X_2_t1;X_2,A_2,D_2;0,1,2,3;2;1;1;0.000000;0.287861;0.616186;0.095954
X_2_t1;X_2,A_2,D_2;0,1,2,3;3;0;0;0.000000;0.000000;0.000000;1.000000
X_2_t1;X_2,A_2,D_2;0,1,2,3;3;0;1;0.000000;0.213032;0.680452;0.106516
X_2_t1;X_2,A_2,D_2;0,1,2,3;3;1;0;0.000000;0.000000;0.000000;1.000000
X_2_t1;X_2,A_2,D_2;0,1,2,3;3;1;1;0.000000;0.094452;0.622192;0.283356