target_variable;parents;target_values;X_4(parent_1);X_5=0;X_5=1;X_5=2;X_5=3
X_5;X_4;0,1,2,3;0;0.790649;0.162828;0.034892;0.011631
X_5;X_4;0,1,2,3;1;0.580826;0.282943;0.104794;0.031438
X_5;X_4;0,1,2,3;2;0.362007;0.343535;0.196306;0.098153
X_5;X_4;0,1,2,3;3;0.051331;0.256654;0.384030;0.307985