target_variable;parents;target_values;X_1(parent_1);Y_1=0;Y_1=1;Y_1=2;Y_1=3
Y_1;X_1;0,1,2,3;0;0.877590;0.122410;0.000000;0.000000
Y_1;X_1;0,1,2,3;1;0.043743;0.825029;0.131228;0.000000
Y_1;X_1;0,1,2,3;2;0.000000;0.116249;0.767503;0.116249
Y_1;X_1;0,1,2,3;3;0.000000;0.090784;0.727649;0.181567