target_variable;parents;target_values;X_2(parent_1);Y_2=0;Y_2=1;Y_2=2;Y_2=3
Y_2;X_2;0,1,2,3;0;0.805073;0.194927;0.000000;0.000000
Y_2;X_2;0,1,2,3;1;0.070319;0.753884;0.175797;0.000000
Y_2;X_2;0,1,2,3;2;0.000000;0.140129;0.743096;0.116775
Y_2;X_2;0,1,2,3;3;0.000000;0.092421;0.704253;0.203326