target_variable;parents;target_values;X_3(parent_1);Y_3=0;Y_3=1;Y_3=2;Y_3=3
Y_3;X_3;0,1,2,3;0;0.797913;0.202087;0.000000;0.000000
Y_3;X_3;0,1,2,3;1;0.090481;0.739867;0.169652;0.000000
Y_3;X_3;0,1,2,3;2;0.000000;0.122486;0.790024;0.087490
Y_3;X_3;0,1,2,3;3;0.000000;0.108369;0.664057;0.227574