target_variable;parents;target_values;X_4(parent_1);Y_4=0;Y_4=1;Y_4=2;Y_4=3
Y_4;X_4;0,1,2,3;0;0.788354;0.211646;0.000000;0.000000
Y_4;X_4;0,1,2,3;1;0.063778;0.799555;0.136667;0.000000
Y_4;X_4;0,1,2,3;2;0.000000;0.162238;0.729603;0.108159
Y_4;X_4;0,1,2,3;3;0.000000;0.109411;0.682708;0.207881