target_variable;parents;target_values;X_5(parent_1);Y_5=0;Y_5=1;Y_5=2;Y_5=3
Y_5;X_5;0,1,2,3;0;0.832436;0.167564;0.000000;0.000000
Y_5;X_5;0,1,2,3;1;0.079801;0.787198;0.133001;0.000000
Y_5;X_5;0,1,2,3;2;0.000000;0.171682;0.721017;0.107301
Y_5;X_5;0,1,2,3;3;0.000000;0.108035;0.697501;0.194463