target_variable;parents;target_values;X_1(parent_1);Z_1=0;Z_1=1;Z_1=2;Z_1=3
Z_1;X_1;0,1,2,3;0;0.999563;0.000437;0.000000;0.000000
Z_1;X_1;0,1,2,3;1;0.035629;0.928742;0.035629;0.000000
Z_1;X_1;0,1,2,3;2;0.000000;0.075528;0.924472;0.000000
Z_1;X_1;0,1,2,3;3;0.000000;0.000000;0.000000;1.000000