target_variable;parents;target_values;X_4(parent_1);Z_4=0;Z_4=1;Z_4=2;Z_4=3
Z_4;X_4;0,1,2,3;0;0.919592;0.080408;0.000000;0.000000
Z_4;X_4;0,1,2,3;1;0.015633;0.973946;0.010422;0.000000
Z_4;X_4;0,1,2,3;2;0.000000;0.068718;0.931282;0.000000
Z_4;X_4;0,1,2,3;3;0.000000;0.000000;0.000000;1.000000