target_variable;parents;target_values;X_6(parent_1);Z_6=0;Z_6=1;Z_6=2;Z_6=3
Z_6;X_6;0,1,2,3;0;0.933498;0.066502;0.000000;0.000000
Z_6;X_6;0,1,2,3;1;0.015534;0.974110;0.010356;0.000000
Z_6;X_6;0,1,2,3;2;0.000000;0.030000;0.970000;0.000000
Z_6;X_6;0,1,2,3;3;0.000000;0.000000;0.000000;1.000000