target_variable;parents;target_values;X_1(parent_1);A_1=0;A_1=1
A_1;X_1;0,1;0;0.885080;0.114920
A_1;X_1;0,1;1;0.682753;0.317247
A_1;X_1;0,1;2;0.407837;0.592163
A_1;X_1;0,1;3;0.096186;0.903814