target_variable;parents;target_values;X_2(parent_1);A_2=0;A_2=1
A_2;X_2;0,1;0;0.861620;0.138380
A_2;X_2;0,1;1;0.645973;0.354027
A_2;X_2;0,1;2;0.354201;0.645799
A_2;X_2;0,1;3;0.062685;0.937315