target_variable;parents;target_values;X_3(parent_1);A_3=0;A_3=1
A_3;X_3;0,1;0;0.898610;0.101390
A_3;X_3;0,1;1;0.709957;0.290043
A_3;X_3;0,1;2;0.308352;0.691648
A_3;X_3;0,1;3;0.026445;0.973555