target_variable;parents;target_values;X_4(parent_1);A_4=0;A_4=1
A_4;X_4;0,1;0;0.814453;0.185547
A_4;X_4;0,1;1;0.614698;0.385302
A_4;X_4;0,1;2;0.240985;0.759015
A_4;X_4;0,1;3;0.120854;0.879146