target_variable;parents;target_values;X_5(parent_1);A_5=0;A_5=1
A_5;X_5;0,1;0;0.894790;0.105210
A_5;X_5;0,1;1;0.634449;0.365551
A_5;X_5;0,1;2;0.276172;0.723828
A_5;X_5;0,1;3;0.089828;0.910172