target_variable;parents;target_values;X_1(parent_1);D_1=0;D_1=1
D_1;X_1;0,1;0;0.813321;0.186679
D_1;X_1;0,1;1;0.489226;0.510774
D_1;X_1;0,1;2;0.217786;0.782214
D_1;X_1;0,1;3;0.699587;0.300413