target_variable;parents;target_values;X_2(parent_1);D_2=0;D_2=1
D_2;X_2;0,1;0;0.740783;0.259217
D_2;X_2;0,1;1;0.462960;0.537040
D_2;X_2;0,1;2;0.150264;0.849736
D_2;X_2;0,1;3;0.655575;0.344425