target_variable;parents;target_values;X_3(parent_1);D_3=0;D_3=1
D_3;X_3;0,1;0;0.774559;0.225441
D_3;X_3;0,1;1;0.475118;0.524882
D_3;X_3;0,1;2;0.170113;0.829887
D_3;X_3;0,1;3;0.696092;0.303908