target_variable;parents;target_values;X_4(parent_1);D_4=0;D_4=1
D_4;X_4;0,1;0;0.789153;0.210847
D_4;X_4;0,1;1;0.478366;0.521634
D_4;X_4;0,1;2;0.171062;0.828938
D_4;X_4;0,1;3;0.677894;0.322106