target_variable;parents;target_values;X_5(parent_1);D_5=0;D_5=1
D_5;X_5;0,1;0;0.777396;0.222604
D_5;X_5;0,1;1;0.480844;0.519156
D_5;X_5;0,1;2;0.195773;0.804227
D_5;X_5;0,1;3;0.685170;0.314830