target_variable;parents;target_values;X_1(parent_1);X_2=0;X_2=1;X_2=2;X_2=3
X_2;X_1;0,1,2,3;0;0.795801;0.157790;0.037127;0.009282
X_2;X_1;0,1,2,3;1;0.547240;0.301840;0.130797;0.020123
X_2;X_1;0,1,2,3;2;0.254240;0.461010;0.203392;0.081357
X_2;X_1;0,1,2,3;3;0.079817;0.319266;0.401376;0.199541