target_variable;parents;target_values;X_4(parent_1);X_5=0;X_5=1;X_5=2;X_5=3
X_5;X_4;0,1,2,3;0;0.824476;0.136519;0.029254;0.009751
X_5;X_4;0,1,2,3;1;0.607437;0.264980;0.098141;0.029442
X_5;X_4;0,1,2,3;2;0.357102;0.346176;0.197815;0.098907
X_5;X_4;0,1,2,3;3;0.049467;0.247334;0.406399;0.296800