target_variable;parents;target_values;X_1(parent_1);Y_1=0;Y_1=1;Y_1=2;Y_1=3
Y_1;X_1;0,1,2,3;0;0.844741;0.155259;0.000000;0.000000
Y_1;X_1;0,1,2,3;1;0.048310;0.806759;0.144930;0.000000
Y_1;X_1;0,1,2,3;2;0.000000;0.100843;0.798313;0.100843
Y_1;X_1;0,1,2,3;3;0.000000;0.105561;0.683318;0.211122