target_variable;parents;target_values;X_2(parent_1);Y_2=0;Y_2=1;Y_2=2;Y_2=3
Y_2;X_2;0,1,2,3;0;0.840253;0.159747;0.000000;0.000000
Y_2;X_2;0,1,2,3;1;0.062147;0.782485;0.155368;0.000000
Y_2;X_2;0,1,2,3;2;0.000000;0.116694;0.786061;0.097245
Y_2;X_2;0,1,2,3;3;0.000000;0.102025;0.673519;0.224455