target_variable;parents;target_values;X_3(parent_1);Y_3=0;Y_3=1;Y_3=2;Y_3=3
Y_3;X_3;0,1,2,3;0;0.829081;0.170919;0.000000;0.000000
Y_3;X_3;0,1,2,3;1;0.078341;0.774769;0.146890;0.000000
Y_3;X_3;0,1,2,3;2;0.000000;0.131485;0.774597;0.093918
Y_3;X_3;0,1,2,3;3;0.000000;0.102769;0.681416;0.215815