target_variable;parents;target_values;X_4(parent_1);Y_4=0;Y_4=1;Y_4=2;Y_4=3
Y_4;X_4;0,1,2,3;0;0.801482;0.198518;0.000000;0.000000
Y_4;X_4;0,1,2,3;1;0.064985;0.795760;0.139254;0.000000
Y_4;X_4;0,1,2,3;2;0.000000;0.149895;0.750176;0.099930
Y_4;X_4;0,1,2,3;3;0.000000;0.100385;0.708884;0.190731