target_variable;parents;target_values;X_5(parent_1);Y_5=0;Y_5=1;Y_5=2;Y_5=3
Y_5;X_5;0,1,2,3;0;0.793734;0.206266;0.000000;0.000000
Y_5;X_5;0,1,2,3;1;0.086774;0.768603;0.144623;0.000000
Y_5;X_5;0,1,2,3;2;0.000000;0.152790;0.751716;0.095494
Y_5;X_5;0,1,2,3;3;0.000000;0.099608;0.721098;0.179294