target_variable;parents;target_values;X_2(parent_1);Z_2=0;Z_2=1;Z_2=2;Z_2=3
Z_2;X_2;0,1,2,3;0;0.971395;0.028605;0.000000;0.000000
Z_2;X_2;0,1,2,3;1;0.021965;0.956070;0.021965;0.000000
Z_2;X_2;0,1,2,3;2;0.000000;0.018697;0.981303;0.000000
Z_2;X_2;0,1,2,3;3;0.000000;0.000000;0.000000;1.000000