target_variable;parents;target_values;X_3(parent_1);Z_3=0;Z_3=1;Z_3=2;Z_3=3
Z_3;X_3;0,1,2,3;0;0.935320;0.064680;0.000000;0.000000
Z_3;X_3;0,1,2,3;1;0.027394;0.954343;0.018263;0.000000
Z_3;X_3;0,1,2,3;2;0.000000;0.060324;0.939676;0.000000
Z_3;X_3;0,1,2,3;3;0.000000;0.000000;0.000000;1.000000