target_variable;parents;target_values;X_4(parent_1);Z_4=0;Z_4=1;Z_4=2;Z_4=3
Z_4;X_4;0,1,2,3;0;0.943108;0.056892;0.000000;0.000000
Z_4;X_4;0,1,2,3;1;0.041340;0.931100;0.027560;0.000000
Z_4;X_4;0,1,2,3;2;0.000000;0.046213;0.953787;0.000000
Z_4;X_4;0,1,2,3;3;0.000000;0.000000;0.000000;1.000000