target_variable;parents;target_values;X_6(parent_1);Z_6=0;Z_6=1;Z_6=2;Z_6=3
Z_6;X_6;0,1,2,3;0;0.963712;0.036288;0.000000;0.000000
Z_6;X_6;0,1,2,3;1;0.019683;0.967196;0.013122;0.000000
Z_6;X_6;0,1,2,3;2;0.000000;0.048499;0.951501;0.000000
Z_6;X_6;0,1,2,3;3;0.000000;0.000000;0.000000;1.000000