target_variable;parents;target_values;X_7(parent_1);Z_7=0;Z_7=1;Z_7=2;Z_7=3
Z_7;X_7;0,1,2,3;0;0.956058;0.043942;0.000000;0.000000
Z_7;X_7;0,1,2,3;1;0.012491;0.975017;0.012491;0.000000
Z_7;X_7;0,1,2,3;2;0.000000;0.037354;0.962646;0.000000
Z_7;X_7;0,1,2,3;3;0.000000;0.000000;0.000000;1.000000