target_variable;parents;target_values;X_1(parent_1);A_1=0;A_1=1
A_1;X_1;0,1;0;0.875639;0.124361
A_1;X_1;0,1;1;0.667402;0.332598
A_1;X_1;0,1;2;0.417149;0.582851
A_1;X_1;0,1;3;0.070202;0.929798