target_variable;parents;target_values;X_2(parent_1);A_2=0;A_2=1
A_2;X_2;0,1;0;0.809009;0.190991
A_2;X_2;0,1;1;0.676174;0.323826
A_2;X_2;0,1;2;0.381314;0.618686
A_2;X_2;0,1;3;0.009743;0.990257