target_variable;parents;target_values;X_3(parent_1);A_3=0;A_3=1
A_3;X_3;0,1;0;0.930553;0.069447
A_3;X_3;0,1;1;0.678980;0.321020
A_3;X_3;0,1;2;0.328380;0.671620
A_3;X_3;0,1;3;0.096230;0.903770