target_variable;parents;target_values;X_4(parent_1);A_4=0;A_4=1
A_4;X_4;0,1;0;0.767327;0.232673
A_4;X_4;0,1;1;0.571103;0.428897
A_4;X_4;0,1;2;0.222098;0.777902
A_4;X_4;0,1;3;0.134102;0.865898