target_variable;parents;target_values;X_5(parent_1);A_5=0;A_5=1
A_5;X_5;0,1;0;0.907553;0.092447
A_5;X_5;0,1;1;0.590069;0.409931
A_5;X_5;0,1;2;0.309376;0.690624
A_5;X_5;0,1;3;0.044965;0.955035