target_variable;parents;target_values;X_1(parent_1);D_1=0;D_1=1
D_1;X_1;0,1;0;0.763186;0.236814
D_1;X_1;0,1;1;0.486298;0.513702
D_1;X_1;0,1;2;0.227341;0.772659
D_1;X_1;0,1;3;0.727010;0.272990