target_variable;parents;target_values;X_2(parent_1);D_2=0;D_2=1
D_2;X_2;0,1;0;0.714924;0.285076
D_2;X_2;0,1;1;0.465668;0.534332
D_2;X_2;0,1;2;0.112138;0.887862
D_2;X_2;0,1;3;0.625752;0.374248