target_variable;parents;target_values;X_3(parent_1);D_3=0;D_3=1
D_3;X_3;0,1;0;0.808591;0.191409
D_3;X_3;0,1;1;0.455225;0.544775
D_3;X_3;0,1;2;0.201799;0.798201
D_3;X_3;0,1;3;0.713402;0.286598