target_variable;parents;target_values;X_4(parent_1);D_4=0;D_4=1
D_4;X_4;0,1;0;0.806897;0.193103
D_4;X_4;0,1;1;0.456629;0.543371
D_4;X_4;0,1;2;0.211334;0.788666
D_4;X_4;0,1;3;0.700127;0.299873