target_variable;parents;target_values;X_5(parent_1);D_5=0;D_5=1
D_5;X_5;0,1;0;0.820369;0.179631
D_5;X_5;0,1;1;0.505918;0.494082
D_5;X_5;0,1;2;0.217960;0.782040
D_5;X_5;0,1;3;0.722054;0.277946