target_variable;parents;target_values;X_1(parent_1);X_2=0;X_2=1;X_2=2;X_2=3
X_2;X_1;0,1,2,3;0;0.754625;0.189608;0.044614;0.011153
X_2;X_1;0,1,2,3;1;0.565636;0.289576;0.125483;0.019305
X_2;X_1;0,1,2,3;2;0.258545;0.451885;0.206836;0.082734
X_2;X_1;0,1,2,3;3;0.078179;0.312717;0.413655;0.195448