target_variable;parents;target_values;X_4(parent_1);X_5=0;X_5=1;X_5=2;X_5=3
X_5;X_4;0,1,2,3;0;0.847668;0.118481;0.025389;0.008463
X_5;X_4;0,1,2,3;1;0.575231;0.286719;0.106192;0.031858
X_5;X_4;0,1,2,3;2;0.333975;0.358629;0.204931;0.102465
X_5;X_4;0,1,2,3;3;0.051536;0.257680;0.381569;0.309216