target_variable;parents;target_values;X_1(parent_1);Y_1=0;Y_1=1;Y_1=2;Y_1=3
Y_1;X_1;0,1,2,3;0;0.891085;0.108915;0.000000;0.000000
Y_1;X_1;0,1,2,3;1;0.043889;0.824443;0.131668;0.000000
Y_1;X_1;0,1,2,3;2;0.000000;0.087444;0.825112;0.087444
Y_1;X_1;0,1,2,3;3;0.000000;0.089901;0.730298;0.179801