target_variable;parents;target_values;X_2(parent_1);Y_2=0;Y_2=1;Y_2=2;Y_2=3
Y_2;X_2;0,1,2,3;0;0.871867;0.128133;0.000000;0.000000
Y_2;X_2;0,1,2,3;1;0.068015;0.761947;0.170038;0.000000
Y_2;X_2;0,1,2,3;2;0.000000;0.102433;0.812206;0.085361
Y_2;X_2;0,1,2,3;3;0.000000;0.108200;0.653761;0.238040