target_variable;parents;target_values;X_3(parent_1);Y_3=0;Y_3=1;Y_3=2;Y_3=3
Y_3;X_3;0,1,2,3;0;0.800714;0.199286;0.000000;0.000000
Y_3;X_3;0,1,2,3;1;0.073166;0.789647;0.137186;0.000000
Y_3;X_3;0,1,2,3;2;0.000000;0.158125;0.728929;0.112946
Y_3;X_3;0,1,2,3;3;0.000000;0.092396;0.713572;0.194032