target_variable;parents;target_values;X_4(parent_1);Y_4=0;Y_4=1;Y_4=2;Y_4=3
Y_4;X_4;0,1,2,3;0;0.788162;0.211838;0.000000;0.000000
Y_4;X_4;0,1,2,3;1;0.077552;0.756266;0.166182;0.000000
Y_4;X_4;0,1,2,3;2;0.000000;0.164247;0.726255;0.109498
Y_4;X_4;0,1,2,3;3;0.000000;0.088838;0.742371;0.168791