target_variable;parents;target_values;X_5(parent_1);Y_5=0;Y_5=1;Y_5=2;Y_5=3
Y_5;X_5;0,1,2,3;0;0.846670;0.153330;0.000000;0.000000
Y_5;X_5;0,1,2,3;1;0.103756;0.723318;0.172926;0.000000
Y_5;X_5;0,1,2,3;2;0.000000;0.173223;0.718513;0.108264
Y_5;X_5;0,1,2,3;3;0.000000;0.110209;0.691414;0.198377