target_variable;parents;target_values;X_3(parent_1);Z_3=0;Z_3=1;Z_3=2;Z_3=3
Z_3;X_3;0,1,2,3;0;0.903792;0.096208;0.000000;0.000000
Z_3;X_3;0,1,2,3;1;0.009892;0.983514;0.006594;0.000000
Z_3;X_3;0,1,2,3;2;0.000000;0.083919;0.916081;0.000000
Z_3;X_3;0,1,2,3;3;0.000000;0.000000;0.000000;1.000000