target_variable;parents;target_values;X_4(parent_1);Z_4=0;Z_4=1;Z_4=2;Z_4=3
Z_4;X_4;0,1,2,3;0;0.996655;0.003345;0.000000;0.000000
Z_4;X_4;0,1,2,3;1;0.013529;0.977451;0.009020;0.000000
Z_4;X_4;0,1,2,3;2;0.000000;0.075596;0.924404;0.000000
Z_4;X_4;0,1,2,3;3;0.000000;0.000000;0.000000;1.000000