target_variable;parents;target_values;X_6(parent_1);Z_6=0;Z_6=1;Z_6=2;Z_6=3
Z_6;X_6;0,1,2,3;0;0.984949;0.015051;0.000000;0.000000
Z_6;X_6;0,1,2,3;1;0.055054;0.908243;0.036703;0.000000
Z_6;X_6;0,1,2,3;2;0.000000;0.059345;0.940655;0.000000
Z_6;X_6;0,1,2,3;3;0.000000;0.000000;0.000000;1.000000