target_variable;parents;target_values;X_1(parent_1);A_1=0;A_1=1
A_1;X_1;0,1;0;0.900000;0.100000
A_1;X_1;0,1;1;0.612278;0.387722
A_1;X_1;0,1;2;0.314038;0.685962
A_1;X_1;0,1;3;0.220797;0.779203