target_variable;parents;target_values;X_2(parent_1);A_2=0;A_2=1
A_2;X_2;0,1;0;0.731094;0.268906
A_2;X_2;0,1;1;0.558458;0.441542
A_2;X_2;0,1;2;0.268661;0.731339
A_2;X_2;0,1;3;0.188796;0.811204