target_variable;parents;target_values;X_4(parent_1);A_4=0;A_4=1
A_4;X_4;0,1;0;0.681314;0.318686
A_4;X_4;0,1;1;0.514134;0.485866
A_4;X_4;0,1;2;0.362225;0.637775
A_4;X_4;0,1;3;0.100000;0.900000