target_variable;parents;target_values;X_5(parent_1);A_5=0;A_5=1
A_5;X_5;0,1;0;0.991774;0.008226
A_5;X_5;0,1;1;0.704794;0.295206
A_5;X_5;0,1;2;0.382943;0.617057
A_5;X_5;0,1;3;0.191727;0.808273