target_variable;parents;target_values;X_1(parent_1);D_1=0;D_1=1
D_1;X_1;0,1;0;0.912104;0.087896
D_1;X_1;0,1;1;0.574686;0.425314
D_1;X_1;0,1;2;0.308702;0.691298
D_1;X_1;0,1;3;0.596171;0.403829