target_variable;parents;target_values;X_2(parent_1);D_2=0;D_2=1
D_2;X_2;0,1;0;0.650578;0.349422
D_2;X_2;0,1;1;0.373657;0.626343
D_2;X_2;0,1;2;0.033913;0.966087
D_2;X_2;0,1;3;0.560087;0.439913