target_variable;parents;target_values;X_3(parent_1);D_3=0;D_3=1
D_3;X_3;0,1;0;0.671476;0.328524
D_3;X_3;0,1;1;0.549344;0.450656
D_3;X_3;0,1;2;0.294869;0.705131
D_3;X_3;0,1;3;0.765854;0.234146