target_variable;parents;target_values;X_4(parent_1);D_4=0;D_4=1
D_4;X_4;0,1;0;0.879599;0.120401
D_4;X_4;0,1;1;0.391838;0.608162
D_4;X_4;0,1;2;0.294334;0.705666
D_4;X_4;0,1;3;0.754330;0.245670