target_variable;parents;target_values;X_5(parent_1);D_5=0;D_5=1
D_5;X_5;0,1;0;0.688568;0.311432
D_5;X_5;0,1;1;0.563390;0.436610
D_5;X_5;0,1;2;0.070650;0.929350
D_5;X_5;0,1;3;0.602670;0.397330