target_variable;parents;target_values;X_1(parent_1);X_2=0;X_2=1;X_2=2;X_2=3
X_2;X_1;0,1,2,3;0;0.667810;0.256692;0.060398;0.015100
X_2;X_1;0,1,2,3;1;0.474309;0.350461;0.151866;0.023364
X_2;X_1;0,1,2,3;2;0.278389;0.409814;0.222712;0.089085
X_2;X_1;0,1,2,3;3;0.087329;0.349316;0.345033;0.218322