target_variable;parents;target_values;X_4(parent_1);X_5=0;X_5=1;X_5=2;X_5=3
X_5;X_4;0,1,2,3;0;0.929031;0.055198;0.011828;0.003943
X_5;X_4;0,1,2,3;1;0.512156;0.329295;0.121961;0.036588
X_5;X_4;0,1,2,3;2;0.396050;0.325204;0.185831;0.092915
X_5;X_4;0,1,2,3;3;0.054221;0.271105;0.349348;0.325326