target_variable;parents;target_values;X_1(parent_1);Y_1=0;Y_1=1;Y_1=2;Y_1=3
Y_1;X_1;0,1,2,3;0;0.738324;0.261676;0.000000;0.000000
Y_1;X_1;0,1,2,3;1;0.078054;0.687785;0.234161;0.000000
Y_1;X_1;0,1,2,3;2;0.000000;0.154175;0.691649;0.154175
Y_1;X_1;0,1,2,3;3;0.000000;0.129973;0.610081;0.259946