target_variable;parents;target_values;X_2(parent_1);Y_2=0;Y_2=1;Y_2=2;Y_2=3
Y_2;X_2;0,1,2,3;0;0.950596;0.049404;0.000000;0.000000
Y_2;X_2;0,1,2,3;1;0.028825;0.899112;0.072063;0.000000
Y_2;X_2;0,1,2,3;2;0.000000;0.057989;0.893687;0.048324
Y_2;X_2;0,1,2,3;3;0.000000;0.131381;0.579580;0.289039