target_variable;parents;target_values;X_3(parent_1);Y_3=0;Y_3=1;Y_3=2;Y_3=3
Y_3;X_3;0,1,2,3;0;0.954153;0.045847;0.000000;0.000000
Y_3;X_3;0,1,2,3;1;0.045603;0.868892;0.085505;0.000000
Y_3;X_3;0,1,2,3;2;0.000000;0.198509;0.659699;0.141792
Y_3;X_3;0,1,2,3;3;0.000000;0.127956;0.603338;0.268707