target_variable;parents;target_values;X_4(parent_1);Y_4=0;Y_4=1;Y_4=2;Y_4=3
Y_4;X_4;0,1,2,3;0;0.698242;0.301758;0.000000;0.000000
Y_4;X_4;0,1,2,3;1;0.037613;0.881789;0.080598;0.000000
Y_4;X_4;0,1,2,3;2;0.000000;0.207667;0.653888;0.138445
Y_4;X_4;0,1,2,3;3;0.000000;0.064556;0.812788;0.122656