target_variable;parents;target_values;X_5(parent_1);Y_5=0;Y_5=1;Y_5=2;Y_5=3
Y_5;X_5;0,1,2,3;0;0.696733;0.303267;0.000000;0.000000
Y_5;X_5;0,1,2,3;1;0.051969;0.861417;0.086614;0.000000
Y_5;X_5;0,1,2,3;2;0.000000;0.101533;0.835009;0.063458
Y_5;X_5;0,1,2,3;3;0.000000;0.063220;0.822985;0.113795