target_variable;parents;target_values;X_1(parent_1);A_1=0;A_1=1
A_1;X_1;0,1;0;0.922839;0.077161
A_1;X_1;0,1;1;0.672019;0.327981
A_1;X_1;0,1;2;0.383413;0.616587
A_1;X_1;0,1;3;0.063539;0.936461