target_variable;parents;target_values;X_2(parent_1);A_2=0;A_2=1
A_2;X_2;0,1;0;0.811645;0.188355
A_2;X_2;0,1;1;0.671423;0.328577
A_2;X_2;0,1;2;0.374676;0.625324
A_2;X_2;0,1;3;0.003063;0.996937