target_variable;parents;target_values;X_3(parent_1);A_3=0;A_3=1
A_3;X_3;0,1;0;0.873511;0.126489
A_3;X_3;0,1;1;0.724088;0.275912
A_3;X_3;0,1;2;0.321106;0.678894
A_3;X_3;0,1;3;0.086162;0.913838