target_variable;parents;target_values;X_4(parent_1);A_4=0;A_4=1
A_4;X_4;0,1;0;0.766416;0.233584
A_4;X_4;0,1;1;0.573676;0.426324
A_4;X_4;0,1;2;0.276660;0.723340
A_4;X_4;0,1;3;0.071961;0.928039