target_variable;parents;target_values;X_5(parent_1);A_5=0;A_5=1
A_5;X_5;0,1;0;0.910298;0.089702
A_5;X_5;0,1;1;0.643179;0.356821
A_5;X_5;0,1;2;0.251414;0.748586
A_5;X_5;0,1;3;0.034045;0.965955