target_variable;parents;target_values;X_1(parent_1);D_1=0;D_1=1
D_1;X_1;0,1;0;0.837631;0.162369
D_1;X_1;0,1;1;0.475192;0.524808
D_1;X_1;0,1;2;0.228725;0.771275
D_1;X_1;0,1;3;0.682161;0.317839