target_variable;parents;target_values;X_2(parent_1);D_2=0;D_2=1
D_2;X_2;0,1;0;0.730168;0.269832
D_2;X_2;0,1;1;0.464841;0.535159
D_2;X_2;0,1;2;0.186423;0.813577
D_2;X_2;0,1;3;0.623072;0.376928