target_variable;parents;target_values;X_3(parent_1);D_3=0;D_3=1
D_3;X_3;0,1;0;0.800721;0.199279
D_3;X_3;0,1;1;0.459385;0.540615
D_3;X_3;0,1;2;0.217815;0.782185
D_3;X_3;0,1;3;0.703238;0.296762