target_variable;parents;target_values;X_4(parent_1);D_4=0;D_4=1
D_4;X_4;0,1;0;0.740191;0.259809
D_4;X_4;0,1;1;0.445282;0.554718
D_4;X_4;0,1;2;0.197281;0.802719
D_4;X_4;0,1;3;0.648807;0.351193