target_variable;parents;target_values;X_5(parent_1);D_5=0;D_5=1
D_5;X_5;0,1;0;0.768443;0.231557
D_5;X_5;0,1;1;0.505633;0.494367
D_5;X_5;0,1;2;0.215199;0.784801
D_5;X_5;0,1;3;0.671440;0.328560