target_variable;parents;target_values;X_1(parent_1);X_2=0;X_2=1;X_2=2;X_2=3
X_2;X_1;0,1,2,3;0;0.812491;0.144893;0.034093;0.008523
X_2;X_1;0,1,2,3;1;0.574789;0.283474;0.122839;0.018898
X_2;X_1;0,1,2,3;2;0.256907;0.455358;0.205525;0.082210
X_2;X_1;0,1,2,3;3;0.078545;0.314180;0.410913;0.196362