target_variable;parents;target_values;X_4(parent_1);X_5=0;X_5=1;X_5=2;X_5=3
X_5;X_4;0,1,2,3;0;0.848551;0.117794;0.025242;0.008414
X_5;X_4;0,1,2,3;1;0.581143;0.282728;0.104714;0.031414
X_5;X_4;0,1,2,3;2;0.362296;0.343379;0.196217;0.098108
X_5;X_4;0,1,2,3;3;0.048719;0.243595;0.415372;0.292314