target_variable;parents;target_values;X_1(parent_1);Y_1=0;Y_1=1;Y_1=2;Y_1=3
Y_1;X_1;0,1,2,3;0;0.884224;0.115776;0.000000;0.000000
Y_1;X_1;0,1,2,3;1;0.057887;0.768454;0.173660;0.000000
Y_1;X_1;0,1,2,3;2;0.000000;0.111666;0.776668;0.111666
Y_1;X_1;0,1,2,3;3;0.000000;0.089411;0.731768;0.178821