target_variable;parents;target_values;X_2(parent_1);Y_2=0;Y_2=1;Y_2=2;Y_2=3
Y_2;X_2;0,1,2,3;0;0.798323;0.201677;0.000000;0.000000
Y_2;X_2;0,1,2,3;1;0.066517;0.767191;0.166292;0.000000
Y_2;X_2;0,1,2,3;2;0.000000;0.133534;0.755187;0.111279
Y_2;X_2;0,1,2,3;3;0.000000;0.109529;0.649506;0.240965