target_variable;parents;target_values;X_3(parent_1);Y_3=0;Y_3=1;Y_3=2;Y_3=3
Y_3;X_3;0,1,2,3;0;0.852918;0.147082;0.000000;0.000000
Y_3;X_3;0,1,2,3;1;0.093020;0.732569;0.174412;0.000000
Y_3;X_3;0,1,2,3;2;0.000000;0.126959;0.782356;0.090685
Y_3;X_3;0,1,2,3;3;0.000000;0.105640;0.672515;0.221845