target_variable;parents;target_values;X_4(parent_1);Y_4=0;Y_4=1;Y_4=2;Y_4=3
Y_4;X_4;0,1,2,3;0;0.790379;0.209621;0.000000;0.000000
Y_4;X_4;0,1,2,3;1;0.076390;0.759917;0.163693;0.000000
Y_4;X_4;0,1,2,3;2;0.000000;0.168129;0.719785;0.112086
Y_4;X_4;0,1,2,3;3;0.000000;0.110887;0.678429;0.210684