target_variable;parents;target_values;X_5(parent_1);Y_5=0;Y_5=1;Y_5=2;Y_5=3
Y_5;X_5;0,1,2,3;0;0.843552;0.156448;0.000000;0.000000
Y_5;X_5;0,1,2,3;1;0.102394;0.726949;0.170657;0.000000
Y_5;X_5;0,1,2,3;2;0.000000;0.143551;0.766729;0.089720
Y_5;X_5;0,1,2,3;3;0.000000;0.087205;0.755825;0.156970