target_variable;parents;target_values;X_6(parent_1);Z_6=0;Z_6=1;Z_6=2;Z_6=3
Z_6;X_6;0,1,2,3;0;0.918160;0.081840;0.000000;0.000000
Z_6;X_6;0,1,2,3;1;0.046276;0.922873;0.030851;0.000000
Z_6;X_6;0,1,2,3;2;0.000000;0.003574;0.996426;0.000000
Z_6;X_6;0,1,2,3;3;0.000000;0.000000;0.000000;1.000000