target_variable;parents;target_values;X_1(parent_1);A_1=0;A_1=1
A_1;X_1;0,1;0;0.900000;0.100000
A_1;X_1;0,1;1;0.795635;0.204365
A_1;X_1;0,1;2;0.319777;0.680223
A_1;X_1;0,1;3;0.219845;0.780155