target_variable;parents;target_values;X_2(parent_1);A_2=0;A_2=1
A_2;X_2;0,1;0;0.970920;0.029080
A_2;X_2;0,1;1;0.737986;0.262014
A_2;X_2;0,1;2;0.264782;0.735218
A_2;X_2;0,1;3;0.050000;0.950000