target_variable;parents;target_values;X_3(parent_1);A_3=0;A_3=1
A_3;X_3;0,1;0;0.900000;0.100000
A_3;X_3;0,1;1;0.604199;0.395801
A_3;X_3;0,1;2;0.196382;0.803618
A_3;X_3;0,1;3;0.183617;0.816383