target_variable;parents;target_values;X_4(parent_1);A_4=0;A_4=1
A_4;X_4;0,1;0;0.696028;0.303972
A_4;X_4;0,1;1;0.515459;0.484541
A_4;X_4;0,1;2;0.139609;0.860391
A_4;X_4;0,1;3;0.220228;0.779772