target_variable;parents;target_values;X_5(parent_1);A_5=0;A_5=1
A_5;X_5;0,1;0;0.880000;0.120000
A_5;X_5;0,1;1;0.534617;0.465383
A_5;X_5;0,1;2;0.183080;0.816920
A_5;X_5;0,1;3;0.206847;0.793153