target_variable;parents;target_values;X_1(parent_1);D_1=0;D_1=1
D_1;X_1;0,1;0;0.690060;0.309940
D_1;X_1;0,1;1;0.428486;0.571514
D_1;X_1;0,1;2;0.087736;0.912264
D_1;X_1;0,1;3;0.790068;0.209932