target_variable;parents;target_values;X_2(parent_1);D_2=0;D_2=1
D_2;X_2;0,1;0;0.655925;0.344075
D_2;X_2;0,1;1;0.378345;0.621655
D_2;X_2;0,1;2;0.040358;0.959642
D_2;X_2;0,1;3;0.738058;0.261942