target_variable;parents;target_values;X_3(parent_1);D_3=0;D_3=1
D_3;X_3;0,1;0;0.880867;0.119133
D_3;X_3;0,1;1;0.545680;0.454320
D_3;X_3;0,1;2;0.298218;0.701782
D_3;X_3;0,1;3;0.586184;0.413816