target_variable;parents;target_values;X_4(parent_1);D_4=0;D_4=1
D_4;X_4;0,1;0;0.866559;0.133441
D_4;X_4;0,1;1;0.395730;0.604270
D_4;X_4;0,1;2;0.288477;0.711523
D_4;X_4;0,1;3;0.585124;0.414876