target_variable;parents;target_values;X_5(parent_1);D_5=0;D_5=1
D_5;X_5;0,1;0;0.683412;0.316588
D_5;X_5;0,1;1;0.417930;0.582070
D_5;X_5;0,1;2;0.297537;0.702463
D_5;X_5;0,1;3;0.588146;0.411854