target_variable;parents;target_values;X_1(parent_1);X_2=0;X_2=1;X_2=2;X_2=3
X_2;X_1;0,1,2,3;0;0.877525;0.094640;0.022268;0.005567
X_2;X_1;0,1,2,3;1;0.467851;0.354766;0.153732;0.023651
X_2;X_1;0,1,2,3;2;0.280436;0.405476;0.224349;0.089739
X_2;X_1;0,1,2,3;3;0.073322;0.293286;0.450088;0.183304