target_variable;parents;target_values;X_4(parent_1);X_5=0;X_5=1;X_5=2;X_5=3
X_5;X_4;0,1,2,3;0;0.701651;0.232049;0.049725;0.016575
X_5;X_4;0,1,2,3;1;0.515405;0.327101;0.121149;0.036345
X_5;X_4;0,1,2,3;2;0.299661;0.377105;0.215489;0.107744
X_5;X_4;0,1,2,3;3;0.054588;0.272938;0.344950;0.327525