target_variable;parents;target_values;X_5(parent_1);A_5(parent_2);D_5(parent_3);X_5_t1=0;X_5_t1=1;X_5_t1=2;X_5_t1=3
X_5_t1;X_5,A_5,D_5;0,1,2,3;0;0;0;1.000000;0.000000;0.000000;0.000000
X_5_t1;X_5,A_5,D_5;0,1,2,3;0;0;1;1.000000;0.000000;0.000000;0.000000
X_5_t1;X_5,A_5,D_5;0,1,2,3;0;1;0;0.079331;0.682676;0.237993;0.000000
X_5_t1;X_5,A_5,D_5;0,1,2,3;0;1;1;0.905697;0.070727;0.023576;0.000000
X_5_t1;X_5,A_5,D_5;0,1,2,3;1;0;0;0.000000;1.000000;0.000000;0.000000
X_5_t1;X_5,A_5,D_5;0,1,2,3;1;0;1;0.315067;0.684933;0.000000;0.000000
X_5_t1;X_5,A_5,D_5;0,1,2,3;1;1;0;0.000000;0.150942;0.698117;0.150942
X_5_t1;X_5,A_5,D_5;0,1,2,3;1;1;1;0.269294;0.596059;0.134647;0.000000
X_5_t1;X_5,A_5,D_5;0,1,2,3;2;0;0;0.000000;0.000000;1.000000;0.000000
X_5_t1;X_5,A_5,D_5;0,1,2,3;2;0;1;0.057443;0.425566;0.516991;0.000000
X_5_t1;X_5,A_5,D_5;0,1,2,3;2;1;0;0.000000;0.000000;0.316762;0.683238
X_5_t1;X_5,A_5,D_5;0,1,2,3;2;1;1;0.000000;0.286321;0.642099;0.071580
X_5_t1;X_5,A_5,D_5;0,1,2,3;3;0;0;0.000000;0.000000;0.000000;1.000000
X_5_t1;X_5,A_5,D_5;0,1,2,3;3;0;1;0.000000;0.070500;0.788501;0.140999
X_5_t1;X_5,A_5,D_5;0,1,2,3;3;1;0;0.000000;0.000000;0.000000;1.000000
X_5_t1;X_5,A_5,D_5;0,1,2,3;3;1;1;0.000000;0.060858;0.513136;0.426006