target_variable;parents;target_values;X_1(parent_1);Y_1=0;Y_1=1;Y_1=2;Y_1=3
Y_1;X_1;0,1,2,3;0;0.738759;0.261241;0.000000;0.000000
Y_1;X_1;0,1,2,3;1;0.022760;0.908960;0.068280;0.000000
Y_1;X_1;0,1,2,3;2;0.000000;0.048480;0.903040;0.048480
Y_1;X_1;0,1,2,3;3;0.000000;0.065713;0.802861;0.131426