target_variable;parents;target_values;X_3(parent_1);Y_3=0;Y_3=1;Y_3=2;Y_3=3
Y_3;X_3;0,1,2,3;0;0.953556;0.046444;0.000000;0.000000
Y_3;X_3;0,1,2,3;1;0.120070;0.654799;0.225131;0.000000
Y_3;X_3;0,1,2,3;2;0.000000;0.204497;0.649434;0.146069
Y_3;X_3;0,1,2,3;3;0.000000;0.067830;0.789728;0.142443