target_variable;parents;target_values;X_4(parent_1);Y_4=0;Y_4=1;Y_4=2;Y_4=3
Y_4;X_4;0,1,2,3;0;0.712788;0.287212;0.000000;0.000000
Y_4;X_4;0,1,2,3;1;0.106704;0.664646;0.228650;0.000000
Y_4;X_4;0,1,2,3;2;0.000000;0.209298;0.651170;0.139532
Y_4;X_4;0,1,2,3;3;0.000000;0.134982;0.608553;0.256465