target_variable;parents;target_values;X_5(parent_1);Y_5=0;Y_5=1;Y_5=2;Y_5=3
Y_5;X_5;0,1,2,3;0;0.922519;0.077481;0.000000;0.000000
Y_5;X_5;0,1,2,3;1;0.049957;0.866782;0.083261;0.000000
Y_5;X_5;0,1,2,3;2;0.000000;0.219555;0.643224;0.137222
Y_5;X_5;0,1,2,3;3;0.000000;0.065150;0.817581;0.117269