target_variable;parents;target_values;X_2(parent_1);Z_2=0;Z_2=1;Z_2=2;Z_2=3
Z_2;X_2;0,1,2,3;0;0.840354;0.159646;0.000000;0.000000
Z_2;X_2;0,1,2,3;1;0.020000;0.960000;0.020000;0.000000
Z_2;X_2;0,1,2,3;2;0.000000;0.154725;0.845275;0.000000
Z_2;X_2;0,1,2,3;3;0.000000;0.000000;0.000000;1.000000