target_variable;parents;target_values;X_4(parent_1);Z_4=0;Z_4=1;Z_4=2;Z_4=3
Z_4;X_4;0,1,2,3;0;0.838332;0.161668;0.000000;0.000000
Z_4;X_4;0,1,2,3;1;0.113915;0.810141;0.075943;0.000000
Z_4;X_4;0,1,2,3;2;0.000000;0.030000;0.970000;0.000000
Z_4;X_4;0,1,2,3;3;0.000000;0.000000;0.000000;1.000000