target_variable;parents;target_values;X_1(parent_1);A_1=0;A_1=1
A_1;X_1;0,1;0;0.930505;0.069495
A_1;X_1;0,1;1;0.723895;0.276105
A_1;X_1;0,1;2;0.380922;0.619078
A_1;X_1;0,1;3;0.068086;0.931914