target_variable;parents;target_values;X_2(parent_1);A_2=0;A_2=1
A_2;X_2;0,1;0;0.813452;0.186548
A_2;X_2;0,1;1;0.633653;0.366347
A_2;X_2;0,1;2;0.375550;0.624450
A_2;X_2;0,1;3;0.011125;0.988875