target_variable;parents;target_values;X_3(parent_1);A_3=0;A_3=1
A_3;X_3;0,1;0;0.926801;0.073199
A_3;X_3;0,1;1;0.717909;0.282091
A_3;X_3;0,1;2;0.280412;0.719588
A_3;X_3;0,1;3;0.082067;0.917933