target_variable;parents;target_values;X_4(parent_1);A_4=0;A_4=1
A_4;X_4;0,1;0;0.767541;0.232459
A_4;X_4;0,1;1;0.620000;0.380000
A_4;X_4;0,1;2;0.220956;0.779044
A_4;X_4;0,1;3;0.077150;0.922850