target_variable;parents;target_values;X_5(parent_1);A_5=0;A_5=1
A_5;X_5;0,1;0;0.840656;0.159344
A_5;X_5;0,1;1;0.592983;0.407017
A_5;X_5;0,1;2;0.303802;0.696198
A_5;X_5;0,1;3;0.039064;0.960936