target_variable;parents;target_values;X_1(parent_1);D_1=0;D_1=1
D_1;X_1;0,1;0;0.828194;0.171806
D_1;X_1;0,1;1;0.480287;0.519713
D_1;X_1;0,1;2;0.173947;0.826053
D_1;X_1;0,1;3;0.674630;0.325370