target_variable;parents;target_values;X_2(parent_1);D_2=0;D_2=1
D_2;X_2;0,1;0;0.773817;0.226183
D_2;X_2;0,1;1;0.475627;0.524373
D_2;X_2;0,1;2;0.175809;0.824191
D_2;X_2;0,1;3;0.628440;0.371560