target_variable;parents;target_values;X_3(parent_1);D_3=0;D_3=1
D_3;X_3;0,1;0;0.752653;0.247347
D_3;X_3;0,1;1;0.457801;0.542199
D_3;X_3;0,1;2;0.210920;0.789080
D_3;X_3;0,1;3;0.658213;0.341787