target_variable;parents;target_values;X_4(parent_1);D_4=0;D_4=1
D_4;X_4;0,1;0;0.742578;0.257422
D_4;X_4;0,1;1;0.496133;0.503867
D_4;X_4;0,1;2;0.145120;0.854880
D_4;X_4;0,1;3;0.646267;0.353733