target_variable;parents;target_values;X_5(parent_1);D_5=0;D_5=1
D_5;X_5;0,1;0;0.826218;0.173782
D_5;X_5;0,1;1;0.466860;0.533140
D_5;X_5;0,1;2;0.227348;0.772652
D_5;X_5;0,1;3;0.660733;0.339267