target_variable;parents;target_values;X_1(parent_1);X_2=0;X_2=1;X_2=2;X_2=3
X_2;X_1;0,1,2,3;0;0.751582;0.191959;0.045167;0.011292
X_2;X_1;0,1,2,3;1;0.574756;0.283496;0.122848;0.018900
X_2;X_1;0,1,2,3;2;0.240034;0.491127;0.192027;0.076811
X_2;X_1;0,1,2,3;3;0.078570;0.314282;0.410722;0.196426