target_variable;parents;target_values;X_5(parent_1);A_5(parent_2);D_5(parent_3);X_5_t1=0;X_5_t1=1;X_5_t1=2;X_5_t1=3
X_5_t1;X_5,A_5,D_5;0,1,2,3;0;0;0;1.000000;0.000000;0.000000;0.000000
X_5_t1;X_5,A_5,D_5;0,1,2,3;0;0;1;1.000000;0.000000;0.000000;0.000000
X_5_t1;X_5,A_5,D_5;0,1,2,3;0;1;0;0.093773;0.624908;0.281319;0.000000
X_5_t1;X_5,A_5,D_5;0,1,2,3;0;1;1;0.821907;0.133570;0.044523;0.000000
X_5_t1;X_5,A_5,D_5;0,1,2,3;1;0;0;0.000000;1.000000;0.000000;0.000000
X_5_t1;X_5,A_5,D_5;0,1,2,3;1;0;1;0.381703;0.618297;0.000000;0.000000
X_5_t1;X_5,A_5,D_5;0,1,2,3;1;1;0;0.000000;0.110735;0.778529;0.110735
X_5_t1;X_5,A_5,D_5;0,1,2,3;1;1;1;0.187587;0.718620;0.093793;0.000000
X_5_t1;X_5,A_5,D_5;0,1,2,3;2;0;0;0.000000;0.000000;1.000000;0.000000
X_5_t1;X_5,A_5,D_5;0,1,2,3;2;0;1;0.048077;0.519229;0.432694;0.000000
X_5_t1;X_5,A_5,D_5;0,1,2,3;2;1;0;0.000000;0.000000;0.173573;0.826427
X_5_t1;X_5,A_5,D_5;0,1,2,3;2;1;1;0.000000;0.175281;0.780898;0.043820
X_5_t1;X_5,A_5,D_5;0,1,2,3;3;0;0;0.000000;0.000000;0.000000;1.000000
X_5_t1;X_5,A_5,D_5;0,1,2,3;3;0;1;0.000000;0.106886;0.679342;0.213772
X_5_t1;X_5,A_5,D_5;0,1,2,3;3;1;0;0.000000;0.000000;0.000000;1.000000
X_5_t1;X_5,A_5,D_5;0,1,2,3;3;1;1;0.000000;0.047971;0.616232;0.335797