target_variable;parents;target_values;X_4(parent_1);X_5=0;X_5=1;X_5=2;X_5=3
X_5;X_4;0,1,2,3;0;0.844971;0.120578;0.025838;0.008613
X_5;X_4;0,1,2,3;1;0.574614;0.287136;0.106347;0.031904
X_5;X_4;0,1,2,3;2;0.359293;0.344996;0.197141;0.098570
X_5;X_4;0,1,2,3;3;0.051254;0.256270;0.384952;0.307524