target_variable;parents;target_values;X_1(parent_1);Y_1=0;Y_1=1;Y_1=2;Y_1=3
Y_1;X_1;0,1,2,3;0;0.887244;0.112756;0.000000;0.000000
Y_1;X_1;0,1,2,3;1;0.044509;0.821963;0.133528;0.000000
Y_1;X_1;0,1,2,3;2;0.000000;0.111882;0.776236;0.111882
Y_1;X_1;0,1,2,3;3;0.000000;0.105917;0.682248;0.211835