target_variable;parents;target_values;X_2(parent_1);Y_2=0;Y_2=1;Y_2=2;Y_2=3
Y_2;X_2;0,1,2,3;0;0.878888;0.121112;0.000000;0.000000
Y_2;X_2;0,1,2,3;1;0.065891;0.769380;0.164728;0.000000
Y_2;X_2;0,1,2,3;2;0.000000;0.107869;0.802240;0.089891
Y_2;X_2;0,1,2,3;3;0.000000;0.109305;0.650225;0.240470