target_variable;parents;target_values;X_3(parent_1);Y_3=0;Y_3=1;Y_3=2;Y_3=3
Y_3;X_3;0,1,2,3;0;0.789340;0.210660;0.000000;0.000000
Y_3;X_3;0,1,2,3;1;0.070589;0.797056;0.132355;0.000000
Y_3;X_3;0,1,2,3;2;0.000000;0.120155;0.794020;0.085825
Y_3;X_3;0,1,2,3;3;0.000000;0.108922;0.662342;0.228736