target_variable;parents;target_values;X_4(parent_1);Y_4=0;Y_4=1;Y_4=2;Y_4=3
Y_4;X_4;0,1,2,3;0;0.855941;0.144059;0.000000;0.000000
Y_4;X_4;0,1,2,3;1;0.077093;0.757709;0.165198;0.000000
Y_4;X_4;0,1,2,3;2;0.000000;0.167415;0.720975;0.111610
Y_4;X_4;0,1,2,3;3;0.000000;0.092027;0.733123;0.174850