target_variable;parents;target_values;X_5(parent_1);Y_5=0;Y_5=1;Y_5=2;Y_5=3
Y_5;X_5;0,1,2,3;0;0.773538;0.226462;0.000000;0.000000
Y_5;X_5;0,1,2,3;1;0.101017;0.730621;0.168362;0.000000
Y_5;X_5;0,1,2,3;2;0.000000;0.143062;0.767525;0.089413
Y_5;X_5;0,1,2,3;3;0.000000;0.090909;0.745455;0.163636