target_variable;parents;target_values;X_2(parent_1);Z_2=0;Z_2=1;Z_2=2;Z_2=3
Z_2;X_2;0,1,2,3;0;0.921759;0.078241;0.000000;0.000000
Z_2;X_2;0,1,2,3;1;0.043776;0.912449;0.043776;0.000000
Z_2;X_2;0,1,2,3;2;0.000000;0.030000;0.970000;0.000000
Z_2;X_2;0,1,2,3;3;0.000000;0.000000;0.000000;1.000000