target_variable;parents;target_values;X_3(parent_1);Z_3=0;Z_3=1;Z_3=2;Z_3=3
Z_3;X_3;0,1,2,3;0;0.985149;0.014851;0.000000;0.000000
Z_3;X_3;0,1,2,3;1;0.055382;0.907696;0.036922;0.000000
Z_3;X_3;0,1,2,3;2;0.000000;0.001067;0.998933;0.000000
Z_3;X_3;0,1,2,3;3;0.000000;0.000000;0.000000;1.000000