target_variable;parents;target_values;X_4(parent_1);Z_4=0;Z_4=1;Z_4=2;Z_4=3
Z_4;X_4;0,1,2,3;0;0.988324;0.011676;0.000000;0.000000
Z_4;X_4;0,1,2,3;1;0.052563;0.912395;0.035042;0.000000
Z_4;X_4;0,1,2,3;2;0.000000;0.003580;0.996420;0.000000
Z_4;X_4;0,1,2,3;3;0.000000;0.000000;0.000000;1.000000