target_variable;parents;target_values;X_6(parent_1);Z_6=0;Z_6=1;Z_6=2;Z_6=3
Z_6;X_6;0,1,2,3;0;0.931924;0.068076;0.000000;0.000000
Z_6;X_6;0,1,2,3;1;0.014899;0.975169;0.009933;0.000000
Z_6;X_6;0,1,2,3;2;0.000000;0.065884;0.934116;0.000000
Z_6;X_6;0,1,2,3;3;0.000000;0.000000;0.000000;1.000000