target_variable;parents;target_values;X_1(parent_1);A_1=0;A_1=1
A_1;X_1;0,1;0;0.815710;0.184290
A_1;X_1;0,1;1;0.759364;0.240636
A_1;X_1;0,1;2;0.449720;0.550280
A_1;X_1;0,1;3;0.178302;0.821698