target_variable;parents;target_values;X_2(parent_1);A_2=0;A_2=1
A_2;X_2;0,1;0;0.930146;0.069854
A_2;X_2;0,1;1;0.591792;0.408208
A_2;X_2;0,1;2;0.403913;0.596087
A_2;X_2;0,1;3;0.050000;0.950000