target_variable;parents;target_values;X_3(parent_1);A_3=0;A_3=1
A_3;X_3;0,1;0;0.974242;0.025758
A_3;X_3;0,1;1;0.758954;0.241046
A_3;X_3;0,1;2;0.355425;0.644575
A_3;X_3;0,1;3;0.050000;0.950000