target_variable;parents;target_values;X_4(parent_1);A_4=0;A_4=1
A_4;X_4;0,1;0;0.866249;0.133751
A_4;X_4;0,1;1;0.658666;0.341334
A_4;X_4;0,1;2;0.320468;0.679532
A_4;X_4;0,1;3;0.182027;0.817973