target_variable;parents;target_values;X_5(parent_1);A_5=0;A_5=1
A_5;X_5;0,1;0;0.806168;0.193832
A_5;X_5;0,1;1;0.680446;0.319554
A_5;X_5;0,1;2;0.214082;0.785918
A_5;X_5;0,1;3;0.070000;0.930000