target_variable;parents;target_values;X_1(parent_1);D_1=0;D_1=1
D_1;X_1;0,1;0;0.723466;0.276534
D_1;X_1;0,1;1;0.458393;0.541607
D_1;X_1;0,1;2;0.267590;0.732410
D_1;X_1;0,1;3;0.754958;0.245042