target_variable;parents;target_values;X_2(parent_1);D_2=0;D_2=1
D_2;X_2;0,1;0;0.816307;0.183693
D_2;X_2;0,1;1;0.495393;0.504607
D_2;X_2;0,1;2;0.234000;0.766000
D_2;X_2;0,1;3;0.598526;0.401474