target_variable;parents;target_values;X_3(parent_1);D_3=0;D_3=1
D_3;X_3;0,1;0;0.854958;0.145042
D_3;X_3;0,1;1;0.522349;0.477651
D_3;X_3;0,1;2;0.259508;0.740492
D_3;X_3;0,1;3;0.620369;0.379631