target_variable;parents;target_values;X_4(parent_1);D_4=0;D_4=1
D_4;X_4;0,1;0;0.711914;0.288086
D_4;X_4;0,1;1;0.419878;0.580122
D_4;X_4;0,1;2;0.248915;0.751085
D_4;X_4;0,1;3;0.607110;0.392890