target_variable;parents;target_values;X_5(parent_1);D_5=0;D_5=1
D_5;X_5;0,1;0;0.856646;0.143354
D_5;X_5;0,1;1;0.531424;0.468576
D_5;X_5;0,1;2;0.253406;0.746594
D_5;X_5;0,1;3;0.631749;0.368251