target_variable;parents;target_values;X_1(parent_1);X_2=0;X_2=1;X_2=2;X_2=3
X_2;X_1;0,1,2,3;0;0.718993;0.217142;0.051092;0.012773
X_2;X_1;0,1,2,3;1;0.500743;0.332838;0.144230;0.022189
X_2;X_1;0,1,2,3;2;0.267001;0.433958;0.213601;0.085440
X_2;X_1;0,1,2,3;3;0.075313;0.301251;0.435154;0.188282