target_variable;parents;target_values;X_4(parent_1);X_5=0;X_5=1;X_5=2;X_5=3
X_5;X_4;0,1,2,3;0;0.883134;0.090896;0.019478;0.006493
X_5;X_4;0,1,2,3;1;0.651521;0.235223;0.087120;0.026136
X_5;X_4;0,1,2,3;2;0.317907;0.367281;0.209875;0.104937
X_5;X_4;0,1,2,3;3;0.053326;0.266631;0.360087;0.319957