target_variable;parents;target_values;X_1(parent_1);Y_1=0;Y_1=1;Y_1=2;Y_1=3
Y_1;X_1;0,1,2,3;0;0.768429;0.231571;0.000000;0.000000
Y_1;X_1;0,1,2,3;1;0.034410;0.862361;0.103230;0.000000
Y_1;X_1;0,1,2,3;2;0.000000;0.064360;0.871280;0.064360
Y_1;X_1;0,1,2,3;3;0.000000;0.080312;0.759064;0.160624