target_variable;parents;target_values;X_2(parent_1);Y_2=0;Y_2=1;Y_2=2;Y_2=3
Y_2;X_2;0,1,2,3;0;0.919975;0.080025;0.000000;0.000000
Y_2;X_2;0,1,2,3;1;0.038221;0.866225;0.095553;0.000000
Y_2;X_2;0,1,2,3;2;0.000000;0.156238;0.713564;0.130198
Y_2;X_2;0,1,2,3;3;0.000000;0.118264;0.621555;0.260181