target_variable;parents;target_values;X_3(parent_1);Y_3=0;Y_3=1;Y_3=2;Y_3=3
Y_3;X_3;0,1,2,3;0;0.903289;0.096711;0.000000;0.000000
Y_3;X_3;0,1,2,3;1;0.102841;0.704332;0.192827;0.000000
Y_3;X_3;0,1,2,3;2;0.000000;0.175020;0.699966;0.125014
Y_3;X_3;0,1,2,3;3;0.000000;0.080070;0.751784;0.168146