target_variable;parents;target_values;X_4(parent_1);Y_4=0;Y_4=1;Y_4=2;Y_4=3
Y_4;X_4;0,1,2,3;0;0.741576;0.258424;0.000000;0.000000
Y_4;X_4;0,1,2,3;1;0.093395;0.706472;0.200133;0.000000
Y_4;X_4;0,1,2,3;2;0.000000;0.109908;0.816820;0.073272
Y_4;X_4;0,1,2,3;3;0.000000;0.122750;0.644025;0.233225