target_variable;parents;target_values;X_5(parent_1);Y_5=0;Y_5=1;Y_5=2;Y_5=3
Y_5;X_5;0,1,2,3;0;0.890536;0.109464;0.000000;0.000000
Y_5;X_5;0,1,2,3;1;0.116171;0.690211;0.193618;0.000000
Y_5;X_5;0,1,2,3;2;0.000000;0.201237;0.672990;0.125773
Y_5;X_5;0,1,2,3;3;0.000000;0.121226;0.660568;0.218206