target_variable;parents;target_values;X_3(parent_1);Z_3=0;Z_3=1;Z_3=2;Z_3=3
Z_3;X_3;0,1,2,3;0;0.950000;0.050000;0.000000;0.000000
Z_3;X_3;0,1,2,3;1;0.080706;0.865490;0.053804;0.000000
Z_3;X_3;0,1,2,3;2;0.000000;0.116794;0.883206;0.000000
Z_3;X_3;0,1,2,3;3;0.000000;0.000000;0.000000;1.000000