target_variable;parents;target_values;X_6(parent_1);Z_6=0;Z_6=1;Z_6=2;Z_6=3
Z_6;X_6;0,1,2,3;0;0.867610;0.132390;0.000000;0.000000
Z_6;X_6;0,1,2,3;1;0.081580;0.864034;0.054386;0.000000
Z_6;X_6;0,1,2,3;2;0.000000;0.125226;0.874774;0.000000
Z_6;X_6;0,1,2,3;3;0.000000;0.000000;0.000000;1.000000