target_variable;parents;target_values;X_1(parent_1);A_1=0;A_1=1
A_1;X_1;0,1;0;0.885017;0.114983
A_1;X_1;0,1;1;0.698964;0.301036
A_1;X_1;0,1;2;0.388207;0.611793
A_1;X_1;0,1;3;0.084989;0.915011