target_variable;parents;target_values;X_2(parent_1);A_2=0;A_2=1
A_2;X_2;0,1;0;0.834860;0.165140
A_2;X_2;0,1;1;0.658621;0.341379
A_2;X_2;0,1;2;0.342623;0.657377
A_2;X_2;0,1;3;0.060905;0.939095