target_variable;parents;target_values;X_3(parent_1);A_3=0;A_3=1
A_3;X_3;0,1;0;0.886401;0.113599
A_3;X_3;0,1;1;0.683521;0.316479
A_3;X_3;0,1;2;0.287281;0.712719
A_3;X_3;0,1;3;0.069480;0.930520