target_variable;parents;target_values;X_4(parent_1);A_4=0;A_4=1
A_4;X_4;0,1;0;0.785961;0.214039
A_4;X_4;0,1;1;0.608238;0.391762
A_4;X_4;0,1;2;0.235010;0.764990
A_4;X_4;0,1;3;0.121650;0.878350