target_variable;parents;target_values;X_5(parent_1);A_5=0;A_5=1
A_5;X_5;0,1;0;0.900106;0.099894
A_5;X_5;0,1;1;0.629228;0.370772
A_5;X_5;0,1;2;0.283556;0.716444
A_5;X_5;0,1;3;0.047968;0.952032