target_variable;parents;target_values;X_1(parent_1);D_1=0;D_1=1
D_1;X_1;0,1;0;0.793821;0.206179
D_1;X_1;0,1;1;0.501092;0.498908
D_1;X_1;0,1;2;0.198451;0.801549
D_1;X_1;0,1;3;0.684807;0.315193