target_variable;parents;target_values;X_3(parent_1);D_3=0;D_3=1
D_3;X_3;0,1;0;0.786134;0.213866
D_3;X_3;0,1;1;0.474854;0.525146
D_3;X_3;0,1;2;0.172840;0.827160
D_3;X_3;0,1;3;0.678571;0.321429