target_variable;parents;target_values;X_4(parent_1);D_4=0;D_4=1
D_4;X_4;0,1;0;0.752262;0.247738
D_4;X_4;0,1;1;0.482239;0.517761
D_4;X_4;0,1;2;0.153292;0.846708
D_4;X_4;0,1;3;0.667507;0.332493