target_variable;parents;target_values;X_5(parent_1);D_5=0;D_5=1
D_5;X_5;0,1;0;0.784355;0.215645
D_5;X_5;0,1;1;0.499964;0.500036
D_5;X_5;0,1;2;0.202343;0.797657
D_5;X_5;0,1;3;0.690254;0.309746