target_variable;parents;target_values;X_1(parent_1);X_2=0;X_2=1;X_2=2;X_2=3
X_2;X_1;0,1,2,3;0;0.789673;0.162526;0.038241;0.009560
X_2;X_1;0,1,2,3;1;0.537154;0.308564;0.133711;0.020571
X_2;X_1;0,1,2,3;2;0.245596;0.479336;0.196477;0.078591
X_2;X_1;0,1,2,3;3;0.080361;0.321444;0.397293;0.200902