target_variable;parents;target_values;X_4(parent_1);X_5=0;X_5=1;X_5=2;X_5=3
X_5;X_4;0,1,2,3;0;0.829087;0.132932;0.028485;0.009495
X_5;X_4;0,1,2,3;1;0.586282;0.279260;0.103430;0.031029
X_5;X_4;0,1,2,3;2;0.347656;0.351262;0.200721;0.100361
X_5;X_4;0,1,2,3;3;0.050574;0.252868;0.393116;0.303442