target_variable;parents;target_values;X_1(parent_1);Y_1=0;Y_1=1;Y_1=2;Y_1=3
Y_1;X_1;0,1,2,3;0;0.830155;0.169845;0.000000;0.000000
Y_1;X_1;0,1,2,3;1;0.054765;0.780940;0.164295;0.000000
Y_1;X_1;0,1,2,3;2;0.000000;0.108859;0.782281;0.108859
Y_1;X_1;0,1,2,3;3;0.000000;0.096505;0.710486;0.193009