target_variable;parents;target_values;X_2(parent_1);Y_2=0;Y_2=1;Y_2=2;Y_2=3
Y_2;X_2;0,1,2,3;0;0.860256;0.139744;0.000000;0.000000
Y_2;X_2;0,1,2,3;1;0.063121;0.779075;0.157804;0.000000
Y_2;X_2;0,1,2,3;2;0.000000;0.128397;0.764606;0.106997
Y_2;X_2;0,1,2,3;3;0.000000;0.102841;0.670909;0.226250