target_variable;parents;target_values;X_3(parent_1);Y_3=0;Y_3=1;Y_3=2;Y_3=3
Y_3;X_3;0,1,2,3;0;0.811870;0.188130;0.000000;0.000000
Y_3;X_3;0,1,2,3;1;0.079292;0.772034;0.148673;0.000000
Y_3;X_3;0,1,2,3;2;0.000000;0.139303;0.761194;0.099502
Y_3;X_3;0,1,2,3;3;0.000000;0.098885;0.693457;0.207658