target_variable;parents;target_values;X_4(parent_1);Y_4=0;Y_4=1;Y_4=2;Y_4=3
Y_4;X_4;0,1,2,3;0;0.820749;0.179251;0.000000;0.000000
Y_4;X_4;0,1,2,3;1;0.063969;0.798953;0.137077;0.000000
Y_4;X_4;0,1,2,3;2;0.000000;0.148522;0.752463;0.099015
Y_4;X_4;0,1,2,3;3;0.000000;0.104148;0.697971;0.197881