target_variable;parents;target_values;X_5(parent_1);Y_5=0;Y_5=1;Y_5=2;Y_5=3
Y_5;X_5;0,1,2,3;0;0.826804;0.173196;0.000000;0.000000
Y_5;X_5;0,1,2,3;1;0.089065;0.762492;0.148442;0.000000
Y_5;X_5;0,1,2,3;2;0.000000;0.168720;0.725829;0.105450
Y_5;X_5;0,1,2,3;3;0.000000;0.096666;0.729335;0.173999