target_variable;parents;target_values;X_2(parent_1);Z_2=0;Z_2=1;Z_2=2;Z_2=3
Z_2;X_2;0,1,2,3;0;0.947472;0.052528;0.000000;0.000000
Z_2;X_2;0,1,2,3;1;0.013833;0.972335;0.013833;0.000000
Z_2;X_2;0,1,2,3;2;0.000000;0.012437;0.987563;0.000000
Z_2;X_2;0,1,2,3;3;0.000000;0.000000;0.000000;1.000000