target_variable;parents;target_values;X_3(parent_1);Z_3=0;Z_3=1;Z_3=2;Z_3=3
Z_3;X_3;0,1,2,3;0;0.948367;0.051633;0.000000;0.000000
Z_3;X_3;0,1,2,3;1;0.017436;0.970940;0.011624;0.000000
Z_3;X_3;0,1,2,3;2;0.000000;0.018074;0.981926;0.000000
Z_3;X_3;0,1,2,3;3;0.000000;0.000000;0.000000;1.000000