target_variable;parents;target_values;X_4(parent_1);Z_4=0;Z_4=1;Z_4=2;Z_4=3
Z_4;X_4;0,1,2,3;0;0.958595;0.041405;0.000000;0.000000
Z_4;X_4;0,1,2,3;1;0.034833;0.941945;0.023222;0.000000
Z_4;X_4;0,1,2,3;2;0.000000;0.023011;0.976989;0.000000
Z_4;X_4;0,1,2,3;3;0.000000;0.000000;0.000000;1.000000