target_variable;parents;target_values;X_6(parent_1);Z_6=0;Z_6=1;Z_6=2;Z_6=3
Z_6;X_6;0,1,2,3;0;0.980747;0.019253;0.000000;0.000000
Z_6;X_6;0,1,2,3;1;0.042346;0.929424;0.028230;0.000000
Z_6;X_6;0,1,2,3;2;0.000000;0.052901;0.947099;0.000000
Z_6;X_6;0,1,2,3;3;0.000000;0.000000;0.000000;1.000000