target_variable;parents;target_values;X_1(parent_1);A_1=0;A_1=1
A_1;X_1;0,1;0;0.779804;0.220196
A_1;X_1;0,1;1;0.611593;0.388407
A_1;X_1;0,1;2;0.479993;0.520007
A_1;X_1;0,1;3;0.234020;0.765980