target_variable;parents;target_values;X_2(parent_1);A_2=0;A_2=1
A_2;X_2;0,1;0;0.962880;0.037120
A_2;X_2;0,1;1;0.561974;0.438026
A_2;X_2;0,1;2;0.433347;0.566653
A_2;X_2;0,1;3;0.181703;0.818297