target_variable;parents;target_values;X_3(parent_1);A_3=0;A_3=1
A_3;X_3;0,1;0;0.771275;0.228725
A_3;X_3;0,1;1;0.611310;0.388690
A_3;X_3;0,1;2;0.205397;0.794603
A_3;X_3;0,1;3;0.177864;0.822136