target_variable;parents;target_values;X_4(parent_1);A_4=0;A_4=1
A_4;X_4;0,1;0;0.680249;0.319751
A_4;X_4;0,1;1;0.689210;0.310790
A_4;X_4;0,1;2;0.362250;0.637750
A_4;X_4;0,1;3;0.100000;0.900000