target_variable;parents;target_values;X_5(parent_1);A_5=0;A_5=1
A_5;X_5;0,1;0;0.997800;0.002200
A_5;X_5;0,1;1;0.542023;0.457977
A_5;X_5;0,1;2;0.189709;0.810291
A_5;X_5;0,1;3;0.070000;0.930000