target_variable;parents;target_values;X_1(parent_1);D_1=0;D_1=1
D_1;X_1;0,1;0;0.905490;0.094510
D_1;X_1;0,1;1;0.429600;0.570400
D_1;X_1;0,1;2;0.099137;0.900863
D_1;X_1;0,1;3;0.804671;0.195329