target_variable;parents;target_values;X_2(parent_1);D_2=0;D_2=1
D_2;X_2;0,1;0;0.655794;0.344206
D_2;X_2;0,1;1;0.527565;0.472435
D_2;X_2;0,1;2;0.038482;0.961518
D_2;X_2;0,1;3;0.559705;0.440295