target_variable;parents;target_values;X_3(parent_1);D_3=0;D_3=1
D_3;X_3;0,1;0;0.677391;0.322609
D_3;X_3;0,1;1;0.409968;0.590032
D_3;X_3;0,1;2;0.301548;0.698452
D_3;X_3;0,1;3;0.778394;0.221606