target_variable;parents;target_values;X_4(parent_1);D_4=0;D_4=1
D_4;X_4;0,1;0;0.881591;0.118409
D_4;X_4;0,1;1;0.400187;0.599813
D_4;X_4;0,1;2;0.285306;0.714694
D_4;X_4;0,1;3;0.576715;0.423285