target_variable;parents;target_values;X_5(parent_1);D_5=0;D_5=1
D_5;X_5;0,1;0;0.891425;0.108575
D_5;X_5;0,1;1;0.413560;0.586440
D_5;X_5;0,1;2;0.292895;0.707105
D_5;X_5;0,1;3;0.789869;0.210131