target_variable;parents;target_values;X_2(parent_1);A_2(parent_2);D_2(parent_3);X_2_t1=0;X_2_t1=1;X_2_t1=2;X_2_t1=3
X_2_t1;X_2,A_2,D_2;0,1,2,3;0;0;0;1.000000;0.000000;0.000000;0.000000
X_2_t1;X_2,A_2,D_2;0,1,2,3;0;0;1;1.000000;0.000000;0.000000;0.000000
X_2_t1;X_2,A_2,D_2;0,1,2,3;0;1;0;0.161690;0.676621;0.161690;0.000000
X_2_t1;X_2,A_2,D_2;0,1,2,3;0;1;1;0.792685;0.172762;0.034552;0.000000
X_2_t1;X_2,A_2,D_2;0,1,2,3;1;0;0;0.000000;1.000000;0.000000;0.000000
X_2_t1;X_2,A_2,D_2;0,1,2,3;1;0;1;0.573528;0.426472;0.000000;0.000000
X_2_t1;X_2,A_2,D_2;0,1,2,3;1;1;0;0.000000;0.268559;0.597161;0.134280
X_2_t1;X_2,A_2,D_2;0,1,2,3;1;1;1;0.343783;0.427029;0.229188;0.000000
X_2_t1;X_2,A_2,D_2;0,1,2,3;2;0;0;0.000000;0.000000;1.000000;0.000000
X_2_t1;X_2,A_2,D_2;0,1,2,3;2;0;1;0.078579;0.685683;0.235738;0.000000
X_2_t1;X_2,A_2,D_2;0,1,2,3;2;1;0;0.000000;0.000000;0.197803;0.802197
X_2_t1;X_2,A_2,D_2;0,1,2,3;2;1;1;0.000000;0.236621;0.684505;0.078874
X_2_t1;X_2,A_2,D_2;0,1,2,3;3;0;0;0.000000;0.000000;0.000000;1.000000
X_2_t1;X_2,A_2,D_2;0,1,2,3;3;0;1;0.000000;0.269538;0.595693;0.134769
X_2_t1;X_2,A_2,D_2;0,1,2,3;3;1;0;0.000000;0.000000;0.000000;1.000000
X_2_t1;X_2,A_2,D_2;0,1,2,3;3;1;1;0.000000;0.119370;0.522521;0.358109