target_variable;parents;target_values;X_1(parent_1);X_2=0;X_2=1;X_2=2;X_2=3
X_2;X_1;0,1,2,3;0;0.894996;0.081139;0.019092;0.004773
X_2;X_1;0,1,2,3;1;0.471238;0.352508;0.152754;0.023501
X_2;X_1;0,1,2,3;2;0.281151;0.403959;0.224921;0.089968
X_2;X_1;0,1,2,3;3;0.087888;0.351554;0.340837;0.219721