target_variable;parents;target_values;X_4(parent_1);X_5=0;X_5=1;X_5=2;X_5=3
X_5;X_4;0,1,2,3;0;0.702319;0.231530;0.049614;0.016538
X_5;X_4;0,1,2,3;1;0.678805;0.216806;0.080299;0.024090
X_5;X_4;0,1,2,3;2;0.401511;0.322263;0.184151;0.092075
X_5;X_4;0,1,2,3;3;0.054794;0.273972;0.342468;0.328766