target_variable;parents;target_values;X_1(parent_1);Y_1=0;Y_1=1;Y_1=2;Y_1=3
Y_1;X_1;0,1,2,3;0;0.962898;0.037102;0.000000;0.000000
Y_1;X_1;0,1,2,3;1;0.022233;0.911067;0.066700;0.000000
Y_1;X_1;0,1,2,3;2;0.000000;0.154531;0.690938;0.154531
Y_1;X_1;0,1,2,3;3;0.000000;0.068786;0.793642;0.137572