target_variable;parents;target_values;X_2(parent_1);Y_2=0;Y_2=1;Y_2=2;Y_2=3
Y_2;X_2;0,1,2,3;0;0.722158;0.277842;0.000000;0.000000
Y_2;X_2;0,1,2,3;1;0.029098;0.898156;0.072745;0.000000
Y_2;X_2;0,1,2,3;2;0.000000;0.179688;0.670572;0.149740
Y_2;X_2;0,1,2,3;3;0.000000;0.127317;0.592586;0.280097