target_variable;parents;target_values;X_3(parent_1);Y_3=0;Y_3=1;Y_3=2;Y_3=3
Y_3;X_3;0,1,2,3;0;0.946085;0.053915;0.000000;0.000000
Y_3;X_3;0,1,2,3;1;0.043569;0.874740;0.081691;0.000000
Y_3;X_3;0,1,2,3;2;0.000000;0.083089;0.857562;0.059349
Y_3;X_3;0,1,2,3;3;0.000000;0.069064;0.785903;0.145034