target_variable;parents;target_values;X_4(parent_1);Y_4=0;Y_4=1;Y_4=2;Y_4=3
Y_4;X_4;0,1,2,3;0;0.702099;0.297901;0.000000;0.000000
Y_4;X_4;0,1,2,3;1;0.106645;0.664829;0.228526;0.000000
Y_4;X_4;0,1,2,3;2;0.000000;0.216193;0.639678;0.144129
Y_4;X_4;0,1,2,3;3;0.000000;0.068653;0.800906;0.130441