target_variable;parents;target_values;X_5(parent_1);Y_5=0;Y_5=1;Y_5=2;Y_5=3
Y_5;X_5;0,1,2,3;0;0.705097;0.294903;0.000000;0.000000
Y_5;X_5;0,1,2,3;1;0.048860;0.869707;0.081433;0.000000
Y_5;X_5;0,1,2,3;2;0.000000;0.217582;0.646428;0.135989
Y_5;X_5;0,1,2,3;3;0.000000;0.138506;0.612184;0.249310