target_variable;parents;target_values;X_5(parent_1);Z_5=0;Z_5=1;Z_5=2;Z_5=3
Z_5;X_5;0,1,2,3;0;0.829394;0.170606;0.000000;0.000000
Z_5;X_5;0,1,2,3;1;0.082986;0.834029;0.082986;0.000000
Z_5;X_5;0,1,2,3;2;0.000000;0.187196;0.812804;0.000000
Z_5;X_5;0,1,2,3;3;0.000000;0.000000;0.000000;1.000000