target_variable;parents;target_values;X_2(parent_1);A_2=0;A_2=1
A_2;X_2;0,1;0;0.968696;0.031304
A_2;X_2;0,1;1;0.567279;0.432721
A_2;X_2;0,1;2;0.443701;0.556299
A_2;X_2;0,1;3;0.175614;0.824386