target_variable;parents;target_values;X_4(parent_1);A_4=0;A_4=1
A_4;X_4;0,1;0;0.905137;0.094863
A_4;X_4;0,1;1;0.523308;0.476692
A_4;X_4;0,1;2;0.343933;0.656067
A_4;X_4;0,1;3;0.100000;0.900000