target_variable;parents;target_values;X_5(parent_1);A_5=0;A_5=1
A_5;X_5;0,1;0;0.754274;0.245726
A_5;X_5;0,1;1;0.708928;0.291072
A_5;X_5;0,1;2;0.173278;0.826722
A_5;X_5;0,1;3;0.188933;0.811067