target_variable;parents;target_values;X_1(parent_1);D_1=0;D_1=1
D_1;X_1;0,1;0;0.688862;0.311138
D_1;X_1;0,1;1;0.565933;0.434067
D_1;X_1;0,1;2;0.083029;0.916971
D_1;X_1;0,1;3;0.799010;0.200990