target_variable;parents;target_values;X_2(parent_1);D_2=0;D_2=1
D_2;X_2;0,1;0;0.844824;0.155176
D_2;X_2;0,1;1;0.528081;0.471919
D_2;X_2;0,1;2;0.256875;0.743125
D_2;X_2;0,1;3;0.735067;0.264933