target_variable;parents;target_values;X_3(parent_1);D_3=0;D_3=1
D_3;X_3;0,1;0;0.667556;0.332444
D_3;X_3;0,1;1;0.402629;0.597371
D_3;X_3;0,1;2;0.070805;0.929195
D_3;X_3;0,1;3;0.767637;0.232363