target_variable;parents;target_values;X_4(parent_1);D_4=0;D_4=1
D_4;X_4;0,1;0;0.873095;0.126905
D_4;X_4;0,1;1;0.392226;0.607774
D_4;X_4;0,1;2;0.056156;0.943844
D_4;X_4;0,1;3;0.571245;0.428755