target_variable;parents;target_values;X_5(parent_1);D_5=0;D_5=1
D_5;X_5;0,1;0;0.890288;0.109712
D_5;X_5;0,1;1;0.417903;0.582097
D_5;X_5;0,1;2;0.306110;0.693890
D_5;X_5;0,1;3;0.587311;0.412689