target_variable;parents;target_values;X_1(parent_1);X_2=0;X_2=1;X_2=2;X_2=3
X_2;X_1;0,1,2,3;0;0.675001;0.251136;0.059091;0.014773
X_2;X_1;0,1,2,3;1;0.469289;0.353807;0.153316;0.023587
X_2;X_1;0,1,2,3;2;0.282099;0.401949;0.225680;0.090272
X_2;X_1;0,1,2,3;3;0.072572;0.290289;0.455708;0.181431