target_variable;parents;target_values;X_4(parent_1);X_5=0;X_5=1;X_5=2;X_5=3
X_5;X_4;0,1,2,3;0;0.937470;0.048635;0.010422;0.003474
X_5;X_4;0,1,2,3;1;0.515898;0.326769;0.121026;0.036308
X_5;X_4;0,1,2,3;2;0.305938;0.373726;0.213558;0.106779
X_5;X_4;0,1,2,3;3;0.045363;0.226815;0.455644;0.272178