target_variable;parents;target_values;X_2(parent_1);Y_2=0;Y_2=1;Y_2=2;Y_2=3
Y_2;X_2;0,1,2,3;0;0.724626;0.275374;0.000000;0.000000
Y_2;X_2;0,1,2,3;1;0.029629;0.896299;0.074072;0.000000
Y_2;X_2;0,1,2,3;2;0.000000;0.061328;0.887564;0.051107
Y_2;X_2;0,1,2,3;3;0.000000;0.072068;0.769383;0.158549