target_variable;parents;target_values;X_3(parent_1);Y_3=0;Y_3=1;Y_3=2;Y_3=3
Y_3;X_3;0,1,2,3;0;0.937999;0.062001;0.000000;0.000000
Y_3;X_3;0,1,2,3;1;0.120159;0.654541;0.225299;0.000000
Y_3;X_3;0,1,2,3;2;0.000000;0.075870;0.869936;0.054193
Y_3;X_3;0,1,2,3;3;0.000000;0.070633;0.781038;0.148329