target_variable;parents;target_values;X_4(parent_1);Y_4=0;Y_4=1;Y_4=2;Y_4=3
Y_4;X_4;0,1,2,3;0;0.703466;0.296534;0.000000;0.000000
Y_4;X_4;0,1,2,3;1;0.106522;0.665217;0.228261;0.000000
Y_4;X_4;0,1,2,3;2;0.000000;0.207219;0.654635;0.138146
Y_4;X_4;0,1,2,3;3;0.000000;0.066097;0.808319;0.125584