target_variable;parents;target_values;X_5(parent_1);Y_5=0;Y_5=1;Y_5=2;Y_5=3
Y_5;X_5;0,1,2,3;0;0.917986;0.082014;0.000000;0.000000
Y_5;X_5;0,1,2,3;1;0.052952;0.858794;0.088254;0.000000
Y_5;X_5;0,1,2,3;2;0.000000;0.217689;0.646256;0.136055
Y_5;X_5;0,1,2,3;3;0.000000;0.066309;0.814334;0.119357