target_variable;parents;target_values;X_3(parent_1);Z_3=0;Z_3=1;Z_3=2;Z_3=3
Z_3;X_3;0,1,2,3;0;0.823546;0.176454;0.000000;0.000000
Z_3;X_3;0,1,2,3;1;0.101514;0.830810;0.067676;0.000000
Z_3;X_3;0,1,2,3;2;0.000000;0.163428;0.836572;0.000000
Z_3;X_3;0,1,2,3;3;0.000000;0.000000;0.000000;1.000000