target_variable;parents;target_values;X_4(parent_1);Z_4=0;Z_4=1;Z_4=2;Z_4=3
Z_4;X_4;0,1,2,3;0;0.837588;0.162412;0.000000;0.000000
Z_4;X_4;0,1,2,3;1;0.106110;0.823150;0.070740;0.000000
Z_4;X_4;0,1,2,3;2;0.000000;0.175433;0.824567;0.000000
Z_4;X_4;0,1,2,3;3;0.000000;0.000000;0.000000;1.000000