target_variable;parents;target_values;X_6(parent_1);Z_6=0;Z_6=1;Z_6=2;Z_6=3
Z_6;X_6;0,1,2,3;0;0.819046;0.180954;0.000000;0.000000
Z_6;X_6;0,1,2,3;1;0.115155;0.808075;0.076770;0.000000
Z_6;X_6;0,1,2,3;2;0.000000;0.030000;0.970000;0.000000
Z_6;X_6;0,1,2,3;3;0.000000;0.000000;0.000000;1.000000