target_variable;parents;target_values;X_1(parent_1);A_1=0;A_1=1
A_1;X_1;0,1;0;0.921426;0.078574
A_1;X_1;0,1;1;0.694177;0.305823
A_1;X_1;0,1;2;0.394899;0.605101
A_1;X_1;0,1;3;0.102381;0.897619