target_variable;parents;target_values;X_2(parent_1);A_2=0;A_2=1
A_2;X_2;0,1;0;0.840717;0.159283
A_2;X_2;0,1;1;0.663264;0.336736
A_2;X_2;0,1;2;0.350295;0.649705
A_2;X_2;0,1;3;0.067158;0.932842