target_variable;parents;target_values;X_3(parent_1);A_3=0;A_3=1
A_3;X_3;0,1;0;0.911905;0.088095
A_3;X_3;0,1;1;0.697970;0.302030
A_3;X_3;0,1;2;0.298597;0.701403
A_3;X_3;0,1;3;0.036921;0.963079