target_variable;parents;target_values;X_4(parent_1);A_4=0;A_4=1
A_4;X_4;0,1;0;0.805844;0.194156
A_4;X_4;0,1;1;0.605624;0.394376
A_4;X_4;0,1;2;0.266079;0.733921
A_4;X_4;0,1;3;0.104281;0.895719