target_variable;parents;target_values;X_5(parent_1);A_5=0;A_5=1
A_5;X_5;0,1;0;0.879378;0.120622
A_5;X_5;0,1;1;0.607175;0.392825
A_5;X_5;0,1;2;0.267857;0.732143
A_5;X_5;0,1;3;0.051715;0.948285