target_variable;parents;target_values;X_1(parent_1);D_1=0;D_1=1
D_1;X_1;0,1;0;0.798202;0.201798
D_1;X_1;0,1;1;0.491833;0.508167
D_1;X_1;0,1;2;0.189677;0.810323
D_1;X_1;0,1;3;0.715874;0.284126