target_variable;parents;target_values;X_2(parent_1);D_2=0;D_2=1
D_2;X_2;0,1;0;0.740104;0.259896
D_2;X_2;0,1;1;0.460192;0.539808
D_2;X_2;0,1;2;0.168193;0.831807
D_2;X_2;0,1;3;0.638436;0.361564