target_variable;parents;target_values;X_3(parent_1);D_3=0;D_3=1
D_3;X_3;0,1;0;0.776193;0.223807
D_3;X_3;0,1;1;0.482357;0.517643
D_3;X_3;0,1;2;0.195320;0.804680
D_3;X_3;0,1;3;0.694227;0.305773