target_variable;parents;target_values;X_4(parent_1);D_4=0;D_4=1
D_4;X_4;0,1;0;0.766954;0.233046
D_4;X_4;0,1;1;0.466798;0.533202
D_4;X_4;0,1;2;0.157415;0.842585
D_4;X_4;0,1;3;0.682904;0.317096