target_variable;parents;target_values;X_5(parent_1);D_5=0;D_5=1
D_5;X_5;0,1;0;0.791374;0.208626
D_5;X_5;0,1;1;0.488315;0.511685
D_5;X_5;0,1;2;0.198051;0.801949
D_5;X_5;0,1;3;0.675203;0.324797