target_variable;parents;target_values;X_1(parent_1);X_2=0;X_2=1;X_2=2;X_2=3
X_2;X_1;0,1,2,3;0;0.783384;0.167385;0.039385;0.009846
X_2;X_1;0,1,2,3;1;0.563025;0.291316;0.126237;0.019421
X_2;X_1;0,1,2,3;2;0.254982;0.459439;0.203985;0.081594
X_2;X_1;0,1,2,3;3;0.079378;0.317512;0.404665;0.198445