target_variable;parents;target_values;X_4(parent_1);X_5=0;X_5=1;X_5=2;X_5=3
X_5;X_4;0,1,2,3;0;0.825233;0.135930;0.029128;0.009709
X_5;X_4;0,1,2,3;1;0.590964;0.276100;0.102259;0.030678
X_5;X_4;0,1,2,3;2;0.354949;0.347335;0.198477;0.099239
X_5;X_4;0,1,2,3;3;0.049513;0.247564;0.405847;0.297076