target_variable;parents;target_values;X_1(parent_1);Y_1=0;Y_1=1;Y_1=2;Y_1=3
Y_1;X_1;0,1,2,3;0;0.863648;0.136352;0.000000;0.000000
Y_1;X_1;0,1,2,3;1;0.054875;0.780499;0.164625;0.000000
Y_1;X_1;0,1,2,3;2;0.000000;0.093441;0.813119;0.093441
Y_1;X_1;0,1,2,3;3;0.000000;0.094207;0.717379;0.188414