target_variable;parents;target_values;X_3(parent_1);Y_3=0;Y_3=1;Y_3=2;Y_3=3
Y_3;X_3;0,1,2,3;0;0.826511;0.173489;0.000000;0.000000
Y_3;X_3;0,1,2,3;1;0.082326;0.763312;0.154362;0.000000
Y_3;X_3;0,1,2,3;2;0.000000;0.130943;0.775526;0.093531
Y_3;X_3;0,1,2,3;3;0.000000;0.097398;0.698065;0.204536