target_variable;parents;target_values;X_4(parent_1);Y_4=0;Y_4=1;Y_4=2;Y_4=3
Y_4;X_4;0,1,2,3;0;0.824891;0.175109;0.000000;0.000000
Y_4;X_4;0,1,2,3;1;0.075544;0.762575;0.161881;0.000000
Y_4;X_4;0,1,2,3;2;0.000000;0.152324;0.746126;0.101549
Y_4;X_4;0,1,2,3;3;0.000000;0.099716;0.710824;0.189460