target_variable;parents;target_values;X_5(parent_1);Y_5=0;Y_5=1;Y_5=2;Y_5=3
Y_5;X_5;0,1,2,3;0;0.830158;0.169842;0.000000;0.000000
Y_5;X_5;0,1,2,3;1;0.094264;0.748629;0.157107;0.000000
Y_5;X_5;0,1,2,3;2;0.000000;0.154728;0.748567;0.096705
Y_5;X_5;0,1,2,3;3;0.000000;0.102752;0.712294;0.184954