target_variable;parents;target_values;X_2(parent_1);Z_2=0;Z_2=1;Z_2=2;Z_2=3
Z_2;X_2;0,1,2,3;0;0.951952;0.048048;0.000000;0.000000
Z_2;X_2;0,1,2,3;1;0.025123;0.949754;0.025123;0.000000
Z_2;X_2;0,1,2,3;2;0.000000;0.042154;0.957846;0.000000
Z_2;X_2;0,1,2,3;3;0.000000;0.000000;0.000000;1.000000