target_variable;parents;target_values;X_3(parent_1);Z_3=0;Z_3=1;Z_3=2;Z_3=3
Z_3;X_3;0,1,2,3;0;0.966460;0.033540;0.000000;0.000000
Z_3;X_3;0,1,2,3;1;0.027396;0.954340;0.018264;0.000000
Z_3;X_3;0,1,2,3;2;0.000000;0.021464;0.978536;0.000000
Z_3;X_3;0,1,2,3;3;0.000000;0.000000;0.000000;1.000000