target_variable;parents;target_values;X_4(parent_1);Z_4=0;Z_4=1;Z_4=2;Z_4=3
Z_4;X_4;0,1,2,3;0;0.950547;0.049453;0.000000;0.000000
Z_4;X_4;0,1,2,3;1;0.035220;0.941300;0.023480;0.000000
Z_4;X_4;0,1,2,3;2;0.000000;0.047341;0.952659;0.000000
Z_4;X_4;0,1,2,3;3;0.000000;0.000000;0.000000;1.000000