target_variable;parents;target_values;X_6(parent_1);Z_6=0;Z_6=1;Z_6=2;Z_6=3
Z_6;X_6;0,1,2,3;0;0.942320;0.057680;0.000000;0.000000
Z_6;X_6;0,1,2,3;1;0.032405;0.945992;0.021603;0.000000
Z_6;X_6;0,1,2,3;2;0.000000;0.017304;0.982696;0.000000
Z_6;X_6;0,1,2,3;3;0.000000;0.000000;0.000000;1.000000