target_variable;parents;target_values;X_1(parent_1);A_1=0;A_1=1
A_1;X_1;0,1;0;0.937902;0.062098
A_1;X_1;0,1;1;0.679902;0.320098
A_1;X_1;0,1;2;0.371614;0.628386
A_1;X_1;0,1;3;0.134580;0.865420