target_variable;parents;target_values;X_2(parent_1);A_2=0;A_2=1
A_2;X_2;0,1;0;0.891390;0.108610
A_2;X_2;0,1;1;0.631185;0.368815
A_2;X_2;0,1;2;0.327258;0.672742
A_2;X_2;0,1;3;0.088524;0.911476