target_variable;parents;target_values;X_3(parent_1);A_3=0;A_3=1
A_3;X_3;0,1;0;0.868807;0.131193
A_3;X_3;0,1;1;0.718323;0.281677
A_3;X_3;0,1;2;0.271495;0.728505
A_3;X_3;0,1;3;0.006904;0.993096