target_variable;parents;target_values;X_4(parent_1);A_4=0;A_4=1
A_4;X_4;0,1;0;0.774499;0.225501
A_4;X_4;0,1;1;0.627495;0.372505
A_4;X_4;0,1;2;0.269785;0.730215
A_4;X_4;0,1;3;0.065581;0.934419