target_variable;parents;target_values;X_5(parent_1);A_5=0;A_5=1
A_5;X_5;0,1;0;0.903700;0.096300
A_5;X_5;0,1;1;0.592857;0.407143
A_5;X_5;0,1;2;0.259680;0.740320
A_5;X_5;0,1;3;0.100425;0.899575