target_variable;parents;target_values;X_1(parent_1);D_1=0;D_1=1
D_1;X_1;0,1;0;0.829894;0.170106
D_1;X_1;0,1;1;0.523390;0.476610
D_1;X_1;0,1;2;0.230847;0.769153
D_1;X_1;0,1;3;0.669014;0.330986