target_variable;parents;target_values;X_3(parent_1);D_3=0;D_3=1
D_3;X_3;0,1;0;0.812882;0.187118
D_3;X_3;0,1;1;0.463433;0.536567
D_3;X_3;0,1;2;0.216677;0.783323
D_3;X_3;0,1;3;0.709672;0.290328