target_variable;parents;target_values;X_4(parent_1);D_4=0;D_4=1
D_4;X_4;0,1;0;0.739377;0.260623
D_4;X_4;0,1;1;0.487677;0.512323
D_4;X_4;0,1;2;0.139458;0.860542
D_4;X_4;0,1;3;0.646964;0.353036