target_variable;parents;target_values;X_5(parent_1);D_5=0;D_5=1
D_5;X_5;0,1;0;0.764843;0.235157
D_5;X_5;0,1;1;0.475747;0.524253
D_5;X_5;0,1;2;0.219628;0.780372
D_5;X_5;0,1;3;0.723011;0.276989