target_variable;parents;target_values;X_1(parent_1);X_2=0;X_2=1;X_2=2;X_2=3
X_2;X_1;0,1,2,3;0;0.811092;0.145975;0.034347;0.008587
X_2;X_1;0,1,2,3;1;0.531083;0.312611;0.135465;0.020841
X_2;X_1;0,1,2,3;2;0.244115;0.482476;0.195292;0.078117
X_2;X_1;0,1,2,3;3;0.082521;0.330083;0.381095;0.206302