target_variable;parents;target_values;X_4(parent_1);A_4(parent_2);D_4(parent_3);X_4_t1=0;X_4_t1=1;X_4_t1=2;X_4_t1=3
X_4_t1;X_4,A_4,D_4;0,1,2,3;0;0;0;1.000000;0.000000;0.000000;0.000000
X_4_t1;X_4,A_4,D_4;0,1,2,3;0;0;1;1.000000;0.000000;0.000000;0.000000
X_4_t1;X_4,A_4,D_4;0,1,2,3;0;1;0;0.163638;0.672724;0.163638;0.000000
X_4_t1;X_4,A_4,D_4;0,1,2,3;0;1;1;0.891726;0.072183;0.036091;0.000000
X_4_t1;X_4,A_4,D_4;0,1,2,3;1;0;0;0.000000;1.000000;0.000000;0.000000
X_4_t1;X_4,A_4,D_4;0,1,2,3;1;0;1;0.521702;0.478298;0.000000;0.000000
X_4_t1;X_4,A_4,D_4;0,1,2,3;1;1;0;0.000000;0.138616;0.768973;0.092411
X_4_t1;X_4,A_4,D_4;0,1,2,3;1;1;1;0.263186;0.631540;0.105274;0.000000
X_4_t1;X_4,A_4,D_4;0,1,2,3;2;0;0;0.000000;0.000000;1.000000;0.000000
X_4_t1;X_4,A_4,D_4;0,1,2,3;2;0;1;0.104815;0.580741;0.314444;0.000000
X_4_t1;X_4,A_4,D_4;0,1,2,3;2;1;0;0.000000;0.000000;0.227018;0.772982
X_4_t1;X_4,A_4,D_4;0,1,2,3;2;1;1;0.000000;0.265129;0.628819;0.106052
X_4_t1;X_4,A_4,D_4;0,1,2,3;3;0;0;0.000000;0.000000;0.000000;1.000000
X_4_t1;X_4,A_4,D_4;0,1,2,3;3;0;1;0.000000;0.136892;0.680586;0.182522
X_4_t1;X_4,A_4,D_4;0,1,2,3;3;1;0;0.000000;0.000000;0.000000;1.000000
X_4_t1;X_4,A_4,D_4;0,1,2,3;3;1;1;0.000000;0.094280;0.575742;0.329978