target_variable;parents;target_values;X_4(parent_1);X_5=0;X_5=1;X_5=2;X_5=3
X_5;X_4;0,1,2,3;0;0.848978;0.117462;0.025170;0.008390
X_5;X_4;0,1,2,3;1;0.622877;0.254558;0.094281;0.028284
X_5;X_4;0,1,2,3;2;0.362128;0.343469;0.196268;0.098134
X_5;X_4;0,1,2,3;3;0.051225;0.256125;0.385300;0.307350