target_variable;parents;target_values;X_1(parent_1);Y_1=0;Y_1=1;Y_1=2;Y_1=3
Y_1;X_1;0,1,2,3;0;0.820718;0.179282;0.000000;0.000000
Y_1;X_1;0,1,2,3;1;0.044822;0.820710;0.134467;0.000000
Y_1;X_1;0,1,2,3;2;0.000000;0.116332;0.767337;0.116332
Y_1;X_1;0,1,2,3;3;0.000000;0.090837;0.727488;0.181675