target_variable;parents;target_values;X_2(parent_1);Y_2=0;Y_2=1;Y_2=2;Y_2=3
Y_2;X_2;0,1,2,3;0;0.817660;0.182340;0.000000;0.000000
Y_2;X_2;0,1,2,3;1;0.049076;0.828235;0.122689;0.000000
Y_2;X_2;0,1,2,3;2;0.000000;0.133219;0.755765;0.111016
Y_2;X_2;0,1,2,3;3;0.000000;0.093701;0.700157;0.206142