target_variable;parents;target_values;X_3(parent_1);Y_3=0;Y_3=1;Y_3=2;Y_3=3
Y_3;X_3;0,1,2,3;0;0.788655;0.211345;0.000000;0.000000
Y_3;X_3;0,1,2,3;1;0.066890;0.807692;0.125418;0.000000
Y_3;X_3;0,1,2,3;2;0.000000;0.153082;0.737573;0.109345
Y_3;X_3;0,1,2,3;3;0.000000;0.094365;0.707468;0.198167