target_variable;parents;target_values;X_4(parent_1);Y_4=0;Y_4=1;Y_4=2;Y_4=3
Y_4;X_4;0,1,2,3;0;0.856507;0.143493;0.000000;0.000000
Y_4;X_4;0,1,2,3;1;0.063564;0.800226;0.136210;0.000000
Y_4;X_4;0,1,2,3;2;0.000000;0.136755;0.772074;0.091170
Y_4;X_4;0,1,2,3;3;0.000000;0.111206;0.677503;0.211291