target_variable;parents;target_values;X_5(parent_1);Y_5=0;Y_5=1;Y_5=2;Y_5=3
Y_5;X_5;0,1,2,3;0;0.830975;0.169025;0.000000;0.000000
Y_5;X_5;0,1,2,3;1;0.080316;0.785824;0.133860;0.000000
Y_5;X_5;0,1,2,3;2;0.000000;0.173840;0.717510;0.108650
Y_5;X_5;0,1,2,3;3;0.000000;0.111743;0.687121;0.201137