target_variable;parents;target_values;X_3(parent_1);Z_3=0;Z_3=1;Z_3=2;Z_3=3
Z_3;X_3;0,1,2,3;0;0.905623;0.094377;0.000000;0.000000
Z_3;X_3;0,1,2,3;1;0.045852;0.923581;0.030568;0.000000
Z_3;X_3;0,1,2,3;2;0.000000;0.008230;0.991770;0.000000
Z_3;X_3;0,1,2,3;3;0.000000;0.000000;0.000000;1.000000