target_variable;parents;target_values;X_4(parent_1);Z_4=0;Z_4=1;Z_4=2;Z_4=3
Z_4;X_4;0,1,2,3;0;0.928492;0.071508;0.000000;0.000000
Z_4;X_4;0,1,2,3;1;0.014772;0.975380;0.009848;0.000000
Z_4;X_4;0,1,2,3;2;0.000000;0.065185;0.934815;0.000000
Z_4;X_4;0,1,2,3;3;0.000000;0.000000;0.000000;1.000000