target_variable;parents;target_values;X_6(parent_1);Z_6=0;Z_6=1;Z_6=2;Z_6=3
Z_6;X_6;0,1,2,3;0;0.997034;0.002966;0.000000;0.000000
Z_6;X_6;0,1,2,3;1;0.054943;0.908428;0.036629;0.000000
Z_6;X_6;0,1,2,3;2;0.000000;0.003846;0.996154;0.000000
Z_6;X_6;0,1,2,3;3;0.000000;0.000000;0.000000;1.000000