target_variable;parents;target_values;X_7(parent_1);Z_7=0;Z_7=1;Z_7=2;Z_7=3
Z_7;X_7;0,1,2,3;0;0.932563;0.067437;0.000000;0.000000
Z_7;X_7;0,1,2,3;1;0.034564;0.930873;0.034564;0.000000
Z_7;X_7;0,1,2,3;2;0.000000;0.091701;0.908299;0.000000
Z_7;X_7;0,1,2,3;3;0.000000;0.000000;0.000000;1.000000