target_variable;parents;target_values;X_2(parent_1);A_2=0;A_2=1
A_2;X_2;0,1;0;0.975806;0.024194
A_2;X_2;0,1;1;0.734094;0.265906
A_2;X_2;0,1;2;0.268183;0.731817
A_2;X_2;0,1;3;0.175045;0.824955