target_variable;parents;target_values;X_4(parent_1);A_4=0;A_4=1
A_4;X_4;0,1;0;0.919693;0.080307
A_4;X_4;0,1;1;0.676969;0.323031
A_4;X_4;0,1;2;0.151753;0.848247
A_4;X_4;0,1;3;0.220691;0.779309