target_variable;parents;target_values;X_5(parent_1);A_5=0;A_5=1
A_5;X_5;0,1;0;0.880000;0.120000
A_5;X_5;0,1;1;0.710199;0.289801
A_5;X_5;0,1;2;0.372433;0.627567
A_5;X_5;0,1;3;0.070000;0.930000