target_variable;parents;target_values;X_1(parent_1);D_1=0;D_1=1
D_1;X_1;0,1;0;0.905936;0.094064
D_1;X_1;0,1;1;0.425100;0.574900
D_1;X_1;0,1;2;0.307266;0.692734
D_1;X_1;0,1;3;0.606325;0.393675