target_variable;parents;target_values;X_2(parent_1);D_2=0;D_2=1
D_2;X_2;0,1;0;0.853378;0.146622
D_2;X_2;0,1;1;0.372948;0.627052
D_2;X_2;0,1;2;0.258571;0.741429
D_2;X_2;0,1;3;0.562836;0.437164