target_variable;parents;target_values;X_3(parent_1);D_3=0;D_3=1
D_3;X_3;0,1;0;0.878815;0.121185
D_3;X_3;0,1;1;0.555289;0.444711
D_3;X_3;0,1;2;0.065121;0.934879
D_3;X_3;0,1;3;0.578206;0.421794