target_variable;parents;target_values;X_4(parent_1);D_4=0;D_4=1
D_4;X_4;0,1;0;0.881301;0.118699
D_4;X_4;0,1;1;0.396665;0.603335
D_4;X_4;0,1;2;0.275727;0.724273
D_4;X_4;0,1;3;0.765051;0.234949