target_variable;parents;target_values;X_5(parent_1);D_5=0;D_5=1
D_5;X_5;0,1;0;0.896760;0.103240
D_5;X_5;0,1;1;0.554820;0.445180
D_5;X_5;0,1;2;0.078870;0.921130
D_5;X_5;0,1;3;0.786972;0.213028