target_variable;parents;target_values;X_1(parent_1);A_1(parent_2);D_1(parent_3);X_1_t1=0;X_1_t1=1;X_1_t1=2;X_1_t1=3
X_1_t1;X_1,A_1,D_1;0,1,2,3;0;0;0;1.000000;0.000000;0.000000;0.000000
X_1_t1;X_1,A_1,D_1;0,1,2,3;0;0;1;1.000000;0.000000;0.000000;0.000000
X_1_t1;X_1,A_1,D_1;0,1,2,3;0;1;0;0.271775;0.456449;0.181184;0.090592
X_1_t1;X_1,A_1,D_1;0,1,2,3;0;1;1;0.563726;0.261764;0.130882;0.043627
X_1_t1;X_1,A_1,D_1;0,1,2,3;1;0;0;0.000000;1.000000;0.000000;0.000000
X_1_t1;X_1,A_1,D_1;0,1,2,3;1;0;1;0.488753;0.511247;0.000000;0.000000
X_1_t1;X_1,A_1,D_1;0,1,2,3;1;1;0;0.000000;0.344947;0.425089;0.229964
X_1_t1;X_1,A_1,D_1;0,1,2,3;1;1;1;0.225469;0.436328;0.281836;0.056367
X_1_t1;X_1,A_1,D_1;0,1,2,3;2;0;0;0.000000;0.000000;1.000000;0.000000
X_1_t1;X_1,A_1,D_1;0,1,2,3;2;0;1;0.121651;0.364953;0.513396;0.000000
X_1_t1;X_1,A_1,D_1;0,1,2,3;2;1;0;0.000000;0.000000;0.319805;0.680195
X_1_t1;X_1,A_1,D_1;0,1,2,3;2;1;1;0.058594;0.234377;0.472651;0.234377
X_1_t1;X_1,A_1,D_1;0,1,2,3;3;0;0;0.000000;0.000000;0.000000;1.000000
X_1_t1;X_1,A_1,D_1;0,1,2,3;3;0;1;0.000000;0.078338;0.235015;0.686646
X_1_t1;X_1,A_1,D_1;0,1,2,3;3;1;0;0.000000;0.000000;0.000000;1.000000
X_1_t1;X_1,A_1,D_1;0,1,2,3;3;1;1;0.000000;0.065877;0.329387;0.604736