target_variable;parents;target_values;X_1(parent_1);X_2=0;X_2=1;X_2=2;X_2=3
X_2;X_1;0,1,2,3;0;0.665191;0.258716;0.060874;0.015219
X_2;X_1;0,1,2,3;1;0.477393;0.348404;0.150975;0.023227
X_2;X_1;0,1,2,3;2;0.218301;0.537202;0.174641;0.069856
X_2;X_1;0,1,2,3;3;0.086901;0.347603;0.348245;0.217252