target_variable;parents;target_values;X_4(parent_1);X_5=0;X_5=1;X_5=2;X_5=3
X_5;X_4;0,1,2,3;0;0.923586;0.059433;0.012736;0.004245
X_5;X_4;0,1,2,3;1;0.524728;0.320809;0.118818;0.035645
X_5;X_4;0,1,2,3;2;0.298504;0.377728;0.215845;0.107922
X_5;X_4;0,1,2,3;3;0.045383;0.226917;0.455400;0.272300