target_variable;parents;target_values;X_1(parent_1);Y_1=0;Y_1=1;Y_1=2;Y_1=3
Y_1;X_1;0,1,2,3;0;0.731098;0.268902;0.000000;0.000000
Y_1;X_1;0,1,2,3;1;0.077070;0.691718;0.231211;0.000000
Y_1;X_1;0,1,2,3;2;0.000000;0.153866;0.692268;0.153866
Y_1;X_1;0,1,2,3;3;0.000000;0.066823;0.799532;0.133646