target_variable;parents;target_values;X_2(parent_1);Y_2=0;Y_2=1;Y_2=2;Y_2=3
Y_2;X_2;0,1,2,3;0;0.948741;0.051259;0.000000;0.000000
Y_2;X_2;0,1,2,3;1;0.090153;0.684463;0.225384;0.000000
Y_2;X_2;0,1,2,3;2;0.000000;0.057553;0.894487;0.047961
Y_2;X_2;0,1,2,3;3;0.000000;0.072884;0.766772;0.160344