target_variable;parents;target_values;X_3(parent_1);Y_3=0;Y_3=1;Y_3=2;Y_3=3
Y_3;X_3;0,1,2,3;0;0.716515;0.283485;0.000000;0.000000
Y_3;X_3;0,1,2,3;1;0.115383;0.668274;0.216343;0.000000
Y_3;X_3;0,1,2,3;2;0.000000;0.200078;0.657009;0.142913
Y_3;X_3;0,1,2,3;3;0.000000;0.072075;0.776567;0.151358