target_variable;parents;target_values;X_4(parent_1);Y_4=0;Y_4=1;Y_4=2;Y_4=3
Y_4;X_4;0,1,2,3;0;0.710721;0.289279;0.000000;0.000000
Y_4;X_4;0,1,2,3;1;0.037000;0.883715;0.079285;0.000000
Y_4;X_4;0,1,2,3;2;0.000000;0.085878;0.856870;0.057252
Y_4;X_4;0,1,2,3;3;0.000000;0.069219;0.799264;0.131516