target_variable;parents;target_values;X_5(parent_1);Y_5=0;Y_5=1;Y_5=2;Y_5=3
Y_5;X_5;0,1,2,3;0;0.929217;0.070783;0.000000;0.000000
Y_5;X_5;0,1,2,3;1;0.127909;0.658909;0.213182;0.000000
Y_5;X_5;0,1,2,3;2;0.000000;0.226112;0.632568;0.141320
Y_5;X_5;0,1,2,3;3;0.000000;0.137377;0.615344;0.247279