target_variable;parents;target_values;X_2(parent_1);Z_2=0;Z_2=1;Z_2=2;Z_2=3
Z_2;X_2;0,1,2,3;0;0.833354;0.166646;0.000000;0.000000
Z_2;X_2;0,1,2,3;1;0.086506;0.826987;0.086506;0.000000
Z_2;X_2;0,1,2,3;2;0.000000;0.151298;0.848702;0.000000
Z_2;X_2;0,1,2,3;3;0.000000;0.000000;0.000000;1.000000