target_variable;parents;target_values;X_6(parent_1);Z_6=0;Z_6=1;Z_6=2;Z_6=3
Z_6;X_6;0,1,2,3;0;0.960000;0.040000;0.000000;0.000000
Z_6;X_6;0,1,2,3;1;0.101459;0.830901;0.067640;0.000000
Z_6;X_6;0,1,2,3;2;0.000000;0.030000;0.970000;0.000000
Z_6;X_6;0,1,2,3;3;0.000000;0.000000;0.000000;1.000000