target_variable;parents;target_values;X_1(parent_1);A_1=0;A_1=1
A_1;X_1;0,1;0;0.926573;0.073427
A_1;X_1;0,1;1;0.675606;0.324394
A_1;X_1;0,1;2;0.421812;0.578188
A_1;X_1;0,1;3;0.068662;0.931338