target_variable;parents;target_values;X_2(parent_1);A_2=0;A_2=1
A_2;X_2;0,1;0;0.817792;0.182208
A_2;X_2;0,1;1;0.625766;0.374234
A_2;X_2;0,1;2;0.374174;0.625826
A_2;X_2;0,1;3;0.081379;0.918621