target_variable;parents;target_values;X_3(parent_1);A_3=0;A_3=1
A_3;X_3;0,1;0;0.934816;0.065184
A_3;X_3;0,1;1;0.677363;0.322637
A_3;X_3;0,1;2;0.322582;0.677418
A_3;X_3;0,1;3;0.078306;0.921694