target_variable;parents;target_values;X_4(parent_1);A_4=0;A_4=1
A_4;X_4;0,1;0;0.821304;0.178696
A_4;X_4;0,1;1;0.621627;0.378373
A_4;X_4;0,1;2;0.212914;0.787086
A_4;X_4;0,1;3;0.066555;0.933445