target_variable;parents;target_values;X_5(parent_1);A_5=0;A_5=1
A_5;X_5;0,1;0;0.912787;0.087213
A_5;X_5;0,1;1;0.647305;0.352695
A_5;X_5;0,1;2;0.313667;0.686333
A_5;X_5;0,1;3;0.100570;0.899430