target_variable;parents;target_values;X_1(parent_1);D_1=0;D_1=1
D_1;X_1;0,1;0;0.767875;0.232125
D_1;X_1;0,1;1;0.512885;0.487115
D_1;X_1;0,1;2;0.167418;0.832582
D_1;X_1;0,1;3;0.728033;0.271967