target_variable;parents;target_values;X_2(parent_1);D_2=0;D_2=1
D_2;X_2;0,1;0;0.726324;0.273676
D_2;X_2;0,1;1;0.470171;0.529829
D_2;X_2;0,1;2;0.113530;0.886470
D_2;X_2;0,1;3;0.631073;0.368927