target_variable;parents;target_values;X_3(parent_1);D_3=0;D_3=1
D_3;X_3;0,1;0;0.808967;0.191033
D_3;X_3;0,1;1;0.493507;0.506493
D_3;X_3;0,1;2;0.202292;0.797708
D_3;X_3;0,1;3;0.703655;0.296345