target_variable;parents;target_values;X_4(parent_1);D_4=0;D_4=1
D_4;X_4;0,1;0;0.736742;0.263258
D_4;X_4;0,1;1;0.486245;0.513755
D_4;X_4;0,1;2;0.190951;0.809049
D_4;X_4;0,1;3;0.644669;0.355331