target_variable;parents;target_values;X_5(parent_1);D_5=0;D_5=1
D_5;X_5;0,1;0;0.811125;0.188875
D_5;X_5;0,1;1;0.464812;0.535188
D_5;X_5;0,1;2;0.150268;0.849732
D_5;X_5;0,1;3;0.659044;0.340956