target_variable;parents;target_values;X_1(parent_1);X_2=0;X_2=1;X_2=2;X_2=3
X_2;X_1;0,1,2,3;0;0.803902;0.151530;0.035654;0.008914
X_2;X_1;0,1,2,3;1;0.530507;0.312995;0.135631;0.020866
X_2;X_1;0,1,2,3;2;0.260565;0.447602;0.208452;0.083381
X_2;X_1;0,1,2,3;3;0.082659;0.330637;0.380056;0.206648