target_variable;parents;target_values;X_4(parent_1);A_4(parent_2);D_4(parent_3);X_4_t1=0;X_4_t1=1;X_4_t1=2;X_4_t1=3
X_4_t1;X_4,A_4,D_4;0,1,2,3;0;0;0;1.000000;0.000000;0.000000;0.000000
X_4_t1;X_4,A_4,D_4;0,1,2,3;0;0;1;1.000000;0.000000;0.000000;0.000000
X_4_t1;X_4,A_4,D_4;0,1,2,3;0;1;0;0.135926;0.728148;0.135926;0.000000
X_4_t1;X_4,A_4,D_4;0,1,2,3;0;1;1;0.881405;0.079064;0.039532;0.000000
X_4_t1;X_4,A_4,D_4;0,1,2,3;1;0;0;0.000000;1.000000;0.000000;0.000000
X_4_t1;X_4,A_4,D_4;0,1,2,3;1;0;1;0.522779;0.477221;0.000000;0.000000
X_4_t1;X_4,A_4,D_4;0,1,2,3;1;1;0;0.000000;0.127949;0.786752;0.085299
X_4_t1;X_4,A_4,D_4;0,1,2,3;1;1;1;0.268307;0.624370;0.107323;0.000000
X_4_t1;X_4,A_4,D_4;0,1,2,3;2;0;0;0.000000;0.000000;1.000000;0.000000
X_4_t1;X_4,A_4,D_4;0,1,2,3;2;0;1;0.104058;0.583767;0.312174;0.000000
X_4_t1;X_4,A_4,D_4;0,1,2,3;2;1;0;0.000000;0.000000;0.223358;0.776642
X_4_t1;X_4,A_4,D_4;0,1,2,3;2;1;1;0.000000;0.262697;0.632224;0.105079
X_4_t1;X_4,A_4,D_4;0,1,2,3;3;0;0;0.000000;0.000000;0.000000;1.000000
X_4_t1;X_4,A_4,D_4;0,1,2,3;3;0;1;0.000000;0.141865;0.668982;0.189153
X_4_t1;X_4,A_4,D_4;0,1,2,3;3;1;0;0.000000;0.000000;0.000000;1.000000
X_4_t1;X_4,A_4,D_4;0,1,2,3;3;1;1;0.000000;0.094808;0.573362;0.331830