target_variable;parents;target_values;X_4(parent_1);X_5=0;X_5=1;X_5=2;X_5=3
X_5;X_4;0,1,2,3;0;0.843337;0.121849;0.026111;0.008704
X_5;X_4;0,1,2,3;1;0.622199;0.255016;0.094450;0.028335
X_5;X_4;0,1,2,3;2;0.332780;0.359272;0.205299;0.102649
X_5;X_4;0,1,2,3;3;0.048855;0.244276;0.413737;0.293132