target_variable;parents;target_values;X_1(parent_1);Y_1=0;Y_1=1;Y_1=2;Y_1=3
Y_1;X_1;0,1,2,3;0;0.808871;0.191129;0.000000;0.000000
Y_1;X_1;0,1,2,3;1;0.055416;0.778336;0.166248;0.000000
Y_1;X_1;0,1,2,3;2;0.000000;0.088893;0.822213;0.088893
Y_1;X_1;0,1,2,3;3;0.000000;0.091180;0.726461;0.182359