target_variable;parents;target_values;X_2(parent_1);Y_2=0;Y_2=1;Y_2=2;Y_2=3
Y_2;X_2;0,1,2,3;0;0.812834;0.187166;0.000000;0.000000
Y_2;X_2;0,1,2,3;1;0.051713;0.819004;0.129283;0.000000
Y_2;X_2;0,1,2,3;2;0.000000;0.133161;0.755871;0.110968
Y_2;X_2;0,1,2,3;3;0.000000;0.110119;0.647621;0.242261