target_variable;parents;target_values;X_3(parent_1);Y_3=0;Y_3=1;Y_3=2;Y_3=3
Y_3;X_3;0,1,2,3;0;0.788875;0.211125;0.000000;0.000000
Y_3;X_3;0,1,2,3;1;0.067368;0.806318;0.126314;0.000000
Y_3;X_3;0,1,2,3;2;0.000000;0.126330;0.783435;0.090235
Y_3;X_3;0,1,2,3;3;0.000000;0.092901;0.712006;0.195093