target_variable;parents;target_values;X_4(parent_1);Y_4=0;Y_4=1;Y_4=2;Y_4=3
Y_4;X_4;0,1,2,3;0;0.853879;0.146121;0.000000;0.000000
Y_4;X_4;0,1,2,3;1;0.079352;0.750609;0.170039;0.000000
Y_4;X_4;0,1,2,3;2;0.000000;0.161421;0.730965;0.107614
Y_4;X_4;0,1,2,3;3;0.000000;0.087805;0.745365;0.166830