target_variable;parents;target_values;X_5(parent_1);Y_5=0;Y_5=1;Y_5=2;Y_5=3
Y_5;X_5;0,1,2,3;0;0.844121;0.155879;0.000000;0.000000
Y_5;X_5;0,1,2,3;1;0.102981;0.725384;0.171635;0.000000
Y_5;X_5;0,1,2,3;2;0.000000;0.174004;0.717243;0.108753
Y_5;X_5;0,1,2,3;3;0.000000;0.110237;0.691335;0.198427