target_variable;parents;target_values;X_4(parent_1);Z_4=0;Z_4=1;Z_4=2;Z_4=3
Z_4;X_4;0,1,2,3;0;0.912644;0.087356;0.000000;0.000000
Z_4;X_4;0,1,2,3;1;0.057081;0.904865;0.038054;0.000000
Z_4;X_4;0,1,2,3;2;0.000000;0.061833;0.938167;0.000000
Z_4;X_4;0,1,2,3;3;0.000000;0.000000;0.000000;1.000000