target_variable;parents;target_values;X_5(parent_1);Z_5=0;Z_5=1;Z_5=2;Z_5=3
Z_5;X_5;0,1,2,3;0;0.970000;0.030000;0.000000;0.000000
Z_5;X_5;0,1,2,3;1;0.042951;0.914098;0.042951;0.000000
Z_5;X_5;0,1,2,3;2;0.000000;0.077853;0.922147;0.000000
Z_5;X_5;0,1,2,3;3;0.000000;0.000000;0.000000;1.000000