target_variable;parents;target_values;X_7(parent_1);Z_7=0;Z_7=1;Z_7=2;Z_7=3
Z_7;X_7;0,1,2,3;0;0.970000;0.030000;0.000000;0.000000
Z_7;X_7;0,1,2,3;1;0.037884;0.924231;0.037884;0.000000
Z_7;X_7;0,1,2,3;2;0.000000;0.019016;0.980984;0.000000
Z_7;X_7;0,1,2,3;3;0.000000;0.000000;0.000000;1.000000